RecSN,DetectDateTime,TagID_Hex,GPS Names,rkm,Genrkm,Rel_group,FishID,Lat,Lon,Weight,Length,ID
2017-6037,3/28/2019 14:50:25,BADC,SJ_MAC_3_J,122.34,122.34,2019UP,NA,38.02,-121.46,4.92,80,1018091
2017-6037,3/28/2019 14:50:40,BADC,SJ_MAC_3_J,122.34,122.34,2019UP,NA,38.02,-121.46,4.92,80,1018113
2017-6037,3/28/2019 14:50:45,BADC,SJ_MAC_3_J,122.34,122.34,2019UP,NA,38.02,-121.46,4.92,80,1018121
2017-6037,3/28/2019 14:50:55,BADC,SJ_MAC_3_J,122.34,122.34,2019UP,NA,38.02,-121.46,4.92,80,1018131
2017-6037,3/28/2019 14:51:35,BADC,SJ_MAC_3_J,122.34,122.34,2019UP,NA,38.02,-121.46,4.92,80,1018165
2017-6037,3/28/2019 14:51:56,BADC,SJ_MAC_3_J,122.34,122.34,2019UP,NA,38.02,-121.46,4.92,80,1018182
2017-6037,3/28/2019 14:54:17,BADC,SJ_MAC_3_J,122.34,122.34,2019UP,NA,38.02,-121.46,4.92,80,1018290
2017-6037,3/28/2019 14:54:47,BADC,SJ_MAC_3_J,122.34,122.34,2019UP,NA,38.02,-121.46,4.92,80,1018325
2017-6037,3/28/2019 14:55:07,BADC,SJ_MAC_3_J,122.34,122.34,2019UP,NA,38.02,-121.46,4.92,80,1018347
2017-6037,3/28/2019 14:55:37,BADC,SJ_MAC_3_J,122.34,122.34,2019UP,NA,38.02,-121.46,4.92,80,1018380
2017-6037,3/28/2019 14:55:42,BADC,SJ_MAC_3_J,122.34,122.34,2019UP,NA,38.02,-121.46,4.92,80,1018387
2017-6037,3/28/2019 14:55:47,BADC,SJ_MAC_3_J,122.34,122.34,2019UP,NA,38.02,-121.46,4.92,80,1018393
2017-6037,3/28/2019 14:55:52,BADC,SJ_MAC_3_J,122.34,122.34,2019UP,NA,38.02,-121.46,4.92,80,1018399
2017-6037,3/28/2019 14:55:57,BADC,SJ_MAC_3_J,122.34,122.34,2019UP,NA,38.02,-121.46,4.92,80,1018403
2017-6037,3/28/2019 14:56:12,BADC,SJ_MAC_3_J,122.34,122.34,2019UP,NA,38.02,-121.46,4.92,80,1018415
2017-6037,3/28/2019 14:56:17,BADC,SJ_MAC_3_J,122.34,122.34,2019UP,NA,38.02,-121.46,4.92,80,1018421
2017-6037,3/28/2019 14:56:27,BADC,SJ_MAC_3_J,122.34,122.34,2019UP,NA,38.02,-121.46,4.92,80,1018432
2017-6037,3/28/2019 14:56:43,BADC,SJ_MAC_3_J,122.34,122.34,2019UP,NA,38.02,-121.46,4.92,80,1018447
2017-6037,3/28/2019 14:56:48,BADC,SJ_MAC_3_J,122.34,122.34,2019UP,NA,38.02,-121.46,4.92,80,1018453
2017-6037,3/28/2019 14:56:53,BADC,SJ_MAC_3_J,122.34,122.34,2019UP,NA,38.02,-121.46,4.92,80,1018460
2017-6037,3/28/2019 14:56:58,BADC,SJ_MAC_3_J,122.34,122.34,2019UP,NA,38.02,-121.46,4.92,80,1018464
2017-6037,3/28/2019 14:57:03,BADC,SJ_MAC_3_J,122.34,122.34,2019UP,NA,38.02,-121.46,4.92,80,1018469
2017-6037,3/28/2019 14:57:08,BADC,SJ_MAC_3_J,122.34,122.34,2019UP,NA,38.02,-121.46,4.92,80,1018476
2017-6037,3/28/2019 14:57:13,BADC,SJ_MAC_3_J,122.34,122.34,2019UP,NA,38.02,-121.46,4.92,80,1018480
2017-6037,3/28/2019 14:57:23,BADC,SJ_MAC_3_J,122.34,122.34,2019UP,NA,38.02,-121.46,4.92,80,1018494
2017-6037,3/28/2019 14:57:28,BADC,SJ_MAC_3_J,122.34,122.34,2019UP,NA,38.02,-121.46,4.92,80,1018498
2017-6037,3/28/2019 14:57:33,BADC,SJ_MAC_3_J,122.34,122.34,2019UP,NA,38.02,-121.46,4.92,80,1018503
2017-6037,3/28/2019 14:57:38,BADC,SJ_MAC_3_J,122.34,122.34,2019UP,NA,38.02,-121.46,4.92,80,1018510
2017-6037,3/28/2019 14:58:18,BADC,SJ_MAC_3_J,122.34,122.34,2019UP,NA,38.02,-121.46,4.92,80,1018550
2017-6037,3/28/2019 14:58:28,BADC,SJ_MAC_3_J,122.34,122.34,2019UP,NA,38.02,-121.46,4.92,80,1018564
2017-6037,3/28/2019 15:03:05,BADC,SJ_MAC_3_J,122.34,122.34,2019UP,NA,38.02,-121.46,4.92,80,1018767
2017-6037,3/28/2019 15:03:40,BADC,SJ_MAC_3_J,122.34,122.34,2019UP,NA,38.02,-121.46,4.92,80,1018792
2017-6037,3/28/2019 15:04:01,BADC,SJ_MAC_3_J,122.34,122.34,2019UP,NA,38.02,-121.46,4.92,80,1018810
2017-6037,3/28/2019 13:17:08,BAE5,SJ_MAC_3_J,122.34,122.34,2019DS,NA,38.02,-121.46,4.71,78,1012840
2017-6037,3/28/2019 13:17:29,BAE5,SJ_MAC_3_J,122.34,122.34,2019DS,NA,38.02,-121.46,4.71,78,1012860
2017-6037,3/28/2019 13:17:34,BAE5,SJ_MAC_3_J,122.34,122.34,2019DS,NA,38.02,-121.46,4.71,78,1012865
2017-6037,3/28/2019 13:17:39,BAE5,SJ_MAC_3_J,122.34,122.34,2019DS,NA,38.02,-121.46,4.71,78,1012869
2017-6037,3/28/2019 13:17:44,BAE5,SJ_MAC_3_J,122.34,122.34,2019DS,NA,38.02,-121.46,4.71,78,1012873
2017-6037,3/28/2019 13:17:49,BAE5,SJ_MAC_3_J,122.34,122.34,2019DS,NA,38.02,-121.46,4.71,78,1012876
2017-6037,3/28/2019 13:17:54,BAE5,SJ_MAC_3_J,122.34,122.34,2019DS,NA,38.02,-121.46,4.71,78,1012882
2017-6037,3/28/2019 13:17:59,BAE5,SJ_MAC_3_J,122.34,122.34,2019DS,NA,38.02,-121.46,4.71,78,1012886
2017-6037,3/28/2019 13:18:04,BAE5,SJ_MAC_3_J,122.34,122.34,2019DS,NA,38.02,-121.46,4.71,78,1012891
2017-6037,3/28/2019 13:18:09,BAE5,SJ_MAC_3_J,122.34,122.34,2019DS,NA,38.02,-121.46,4.71,78,1012894
2017-6037,3/28/2019 13:18:14,BAE5,SJ_MAC_3_J,122.34,122.34,2019DS,NA,38.02,-121.46,4.71,78,1012899
2017-6037,3/28/2019 13:18:19,BAE5,SJ_MAC_3_J,122.34,122.34,2019DS,NA,38.02,-121.46,4.71,78,1012904
2017-6037,3/28/2019 13:18:24,BAE5,SJ_MAC_3_J,122.34,122.34,2019DS,NA,38.02,-121.46,4.71,78,1012909
2017-6037,3/28/2019 13:18:29,BAE5,SJ_MAC_3_J,122.34,122.34,2019DS,NA,38.02,-121.46,4.71,78,1012914
2017-6037,3/28/2019 13:18:34,BAE5,SJ_MAC_3_J,122.34,122.34,2019DS,NA,38.02,-121.46,4.71,78,1012919
2017-6037,3/28/2019 13:18:39,BAE5,SJ_MAC_3_J,122.34,122.34,2019DS,NA,38.02,-121.46,4.71,78,1012924
2017-6037,3/28/2019 13:18:44,BAE5,SJ_MAC_3_J,122.34,122.34,2019DS,NA,38.02,-121.46,4.71,78,1012927
2017-6037,3/28/2019 13:18:49,BAE5,SJ_MAC_3_J,122.34,122.34,2019DS,NA,38.02,-121.46,4.71,78,1012930
2017-6037,3/28/2019 13:18:54,BAE5,SJ_MAC_3_J,122.34,122.34,2019DS,NA,38.02,-121.46,4.71,78,1012932
2017-6037,3/28/2019 13:18:59,BAE5,SJ_MAC_3_J,122.34,122.34,2019DS,NA,38.02,-121.46,4.71,78,1012936
2017-6037,3/28/2019 13:19:04,BAE5,SJ_MAC_3_J,122.34,122.34,2019DS,NA,38.02,-121.46,4.71,78,1012944
2017-6037,3/28/2019 13:19:09,BAE5,SJ_MAC_3_J,122.34,122.34,2019DS,NA,38.02,-121.46,4.71,78,1012948
2017-6037,3/28/2019 13:19:14,BAE5,SJ_MAC_3_J,122.34,122.34,2019DS,NA,38.02,-121.46,4.71,78,1012956
2017-6037,3/28/2019 13:19:19,BAE5,SJ_MAC_3_J,122.34,122.34,2019DS,NA,38.02,-121.46,4.71,78,1012962
2017-6037,3/28/2019 13:19:29,BAE5,SJ_MAC_3_J,122.34,122.34,2019DS,NA,38.02,-121.46,4.71,78,1012969
2017-6037,3/28/2019 13:19:34,BAE5,SJ_MAC_3_J,122.34,122.34,2019DS,NA,38.02,-121.46,4.71,78,1012975
2017-6037,3/28/2019 13:20:09,BAE5,SJ_MAC_3_J,122.34,122.34,2019DS,NA,38.02,-121.46,4.71,78,1013010
2017-6037,3/28/2019 13:20:19,BAE5,SJ_MAC_3_J,122.34,122.34,2019DS,NA,38.02,-121.46,4.71,78,1013021
2017-6037,3/28/2019 13:20:24,BAE5,SJ_MAC_3_J,122.34,122.34,2019DS,NA,38.02,-121.46,4.71,78,1013027
2017-6037,3/28/2019 13:20:29,BAE5,SJ_MAC_3_J,122.34,122.34,2019DS,NA,38.02,-121.46,4.71,78,1013034
2017-6037,3/28/2019 13:20:35,BAE5,SJ_MAC_3_J,122.34,122.34,2019DS,NA,38.02,-121.46,4.71,78,1013040
2017-6037,3/28/2019 16:38:33,C2AB,SJ_MAC_3_J,122.34,122.34,2019UP,NA,38.02,-121.46,5.7,85,1023283
2017-6037,3/28/2019 16:38:43,C2AB,SJ_MAC_3_J,122.34,122.34,2019UP,NA,38.02,-121.46,5.7,85,1023295
2017-6037,3/28/2019 16:38:58,C2AB,SJ_MAC_3_J,122.34,122.34,2019UP,NA,38.02,-121.46,5.7,85,1023309
2017-6037,3/28/2019 16:40:04,C2AB,SJ_MAC_3_J,122.34,122.34,2019UP,NA,38.02,-121.46,5.7,85,1023370
2017-6037,3/28/2019 16:40:09,C2AB,SJ_MAC_3_J,122.34,122.34,2019UP,NA,38.02,-121.46,5.7,85,1023377
2017-6037,3/28/2019 16:40:14,C2AB,SJ_MAC_3_J,122.34,122.34,2019UP,NA,38.02,-121.46,5.7,85,1023382
2017-6037,3/28/2019 16:40:34,C2AB,SJ_MAC_3_J,122.34,122.34,2019UP,NA,38.02,-121.46,5.7,85,1023399
2017-6037,3/28/2019 16:41:09,C2AB,SJ_MAC_3_J,122.34,122.34,2019UP,NA,38.02,-121.46,5.7,85,1023432
2017-6037,3/29/2019 0:12:03,C2AB,SJ_MAC_3_J,122.34,122.34,2019UP,NA,38.02,-121.46,5.7,85,1040842
2017-6037,3/29/2019 0:12:08,C2AB,SJ_MAC_3_J,122.34,122.34,2019UP,NA,38.02,-121.46,5.7,85,1040845
2017-6037,3/29/2019 0:12:18,C2AB,SJ_MAC_3_J,122.34,122.34,2019UP,NA,38.02,-121.46,5.7,85,1040855
2017-6037,3/29/2019 0:12:28,C2AB,SJ_MAC_3_J,122.34,122.34,2019UP,NA,38.02,-121.46,5.7,85,1040862
2017-6037,3/29/2019 0:12:33,C2AB,SJ_MAC_3_J,122.34,122.34,2019UP,NA,38.02,-121.46,5.7,85,1040866
2017-6037,3/29/2019 0:12:43,C2AB,SJ_MAC_3_J,122.34,122.34,2019UP,NA,38.02,-121.46,5.7,85,1040871
2017-6037,3/29/2019 0:12:48,C2AB,SJ_MAC_3_J,122.34,122.34,2019UP,NA,38.02,-121.46,5.7,85,1040874
2017-6037,3/29/2019 0:12:53,C2AB,SJ_MAC_3_J,122.34,122.34,2019UP,NA,38.02,-121.46,5.7,85,1040877
2017-6037,3/29/2019 0:13:03,C2AB,SJ_MAC_3_J,122.34,122.34,2019UP,NA,38.02,-121.46,5.7,85,1040883
2017-6037,3/29/2019 0:13:48,C2AB,SJ_MAC_3_J,122.34,122.34,2019UP,NA,38.02,-121.46,5.7,85,1040909
2017-6037,3/29/2019 0:15:18,C2AB,SJ_MAC_3_J,122.34,122.34,2019UP,NA,38.02,-121.46,5.7,85,1040957
2017-6037,3/29/2019 0:15:28,C2AB,SJ_MAC_3_J,122.34,122.34,2019UP,NA,38.02,-121.46,5.7,85,1040965
2017-6037,3/29/2019 0:15:43,C2AB,SJ_MAC_3_J,122.34,122.34,2019UP,NA,38.02,-121.46,5.7,85,1040974
2017-6037,3/29/2019 0:15:48,C2AB,SJ_MAC_3_J,122.34,122.34,2019UP,NA,38.02,-121.46,5.7,85,1040977
2017-6037,3/29/2019 0:18:24,C2AB,SJ_MAC_3_J,122.34,122.34,2019UP,NA,38.02,-121.46,5.7,85,1041061
2017-6037,3/29/2019 0:18:29,C2AB,SJ_MAC_3_J,122.34,122.34,2019UP,NA,38.02,-121.46,5.7,85,1041065
2017-6037,3/29/2019 0:18:54,C2AB,SJ_MAC_3_J,122.34,122.34,2019UP,NA,38.02,-121.46,5.7,85,1041083
2017-6037,3/29/2019 0:19:09,C2AB,SJ_MAC_3_J,122.34,122.34,2019UP,NA,38.02,-121.46,5.7,85,1041090
2017-6037,3/29/2019 0:19:14,C2AB,SJ_MAC_3_J,122.34,122.34,2019UP,NA,38.02,-121.46,5.7,85,1041093
2017-6037,3/29/2019 0:19:24,C2AB,SJ_MAC_3_J,122.34,122.34,2019UP,NA,38.02,-121.46,5.7,85,1041100
2017-6037,3/29/2019 0:19:54,C2AB,SJ_MAC_3_J,122.34,122.34,2019UP,NA,38.02,-121.46,5.7,85,1041119
2017-6037,3/29/2019 0:20:34,C2AB,SJ_MAC_3_J,122.34,122.34,2019UP,NA,38.02,-121.46,5.7,85,1041143
2017-6037,3/29/2019 0:21:04,C2AB,SJ_MAC_3_J,122.34,122.34,2019UP,NA,38.02,-121.46,5.7,85,1041165
2017-6037,3/29/2019 0:21:09,C2AB,SJ_MAC_3_J,122.34,122.34,2019UP,NA,38.02,-121.46,5.7,85,1041168
2017-6037,3/29/2019 0:21:24,C2AB,SJ_MAC_3_J,122.34,122.34,2019UP,NA,38.02,-121.46,5.7,85,1041175
2017-6037,3/29/2019 0:21:29,C2AB,SJ_MAC_3_J,122.34,122.34,2019UP,NA,38.02,-121.46,5.7,85,1041179
2017-6037,3/29/2019 0:21:39,C2AB,SJ_MAC_3_J,122.34,122.34,2019UP,NA,38.02,-121.46,5.7,85,1041186
2017-6037,3/29/2019 0:21:44,C2AB,SJ_MAC_3_J,122.34,122.34,2019UP,NA,38.02,-121.46,5.7,85,1041189
2017-6037,3/29/2019 0:21:54,C2AB,SJ_MAC_3_J,122.34,122.34,2019UP,NA,38.02,-121.46,5.7,85,1041196
2017-6037,3/29/2019 0:21:59,C2AB,SJ_MAC_3_J,122.34,122.34,2019UP,NA,38.02,-121.46,5.7,85,1041199
2017-6037,3/29/2019 0:22:19,C2AB,SJ_MAC_3_J,122.34,122.34,2019UP,NA,38.02,-121.46,5.7,85,1041211
2017-6037,3/29/2019 0:22:44,C2AB,SJ_MAC_3_J,122.34,122.34,2019UP,NA,38.02,-121.46,5.7,85,1041224
2017-6037,3/29/2019 0:22:54,C2AB,SJ_MAC_3_J,122.34,122.34,2019UP,NA,38.02,-121.46,5.7,85,1041231
2017-6037,3/29/2019 0:23:15,C2AB,SJ_MAC_3_J,122.34,122.34,2019UP,NA,38.02,-121.46,5.7,85,1041245
2017-6037,3/29/2019 0:25:45,C2AB,SJ_MAC_3_J,122.34,122.34,2019UP,NA,38.02,-121.46,5.7,85,1041336
2017-6037,3/29/2019 0:26:00,C2AB,SJ_MAC_3_J,122.34,122.34,2019UP,NA,38.02,-121.46,5.7,85,1041345
2017-6037,3/29/2019 0:26:25,C2AB,SJ_MAC_3_J,122.34,122.34,2019UP,NA,38.02,-121.46,5.7,85,1041360
2017-6037,3/29/2019 0:26:35,C2AB,SJ_MAC_3_J,122.34,122.34,2019UP,NA,38.02,-121.46,5.7,85,1041367
2017-6037,3/29/2019 0:26:55,C2AB,SJ_MAC_3_J,122.34,122.34,2019UP,NA,38.02,-121.46,5.7,85,1041379
2017-6037,3/29/2019 0:27:20,C2AB,SJ_MAC_3_J,122.34,122.34,2019UP,NA,38.02,-121.46,5.7,85,1041390
2017-6037,3/29/2019 0:27:40,C2AB,SJ_MAC_3_J,122.34,122.34,2019UP,NA,38.02,-121.46,5.7,85,1041401
2017-6037,3/29/2019 0:27:55,C2AB,SJ_MAC_3_J,122.34,122.34,2019UP,NA,38.02,-121.46,5.7,85,1041409
2017-6037,3/29/2019 0:28:05,C2AB,SJ_MAC_3_J,122.34,122.34,2019UP,NA,38.02,-121.46,5.7,85,1041415
2017-6037,3/29/2019 0:28:30,C2AB,SJ_MAC_3_J,122.34,122.34,2019UP,NA,38.02,-121.46,5.7,85,1041428
2017-6037,3/29/2019 0:28:35,C2AB,SJ_MAC_3_J,122.34,122.34,2019UP,NA,38.02,-121.46,5.7,85,1041430
2017-6037,3/29/2019 0:28:56,C2AB,SJ_MAC_3_J,122.34,122.34,2019UP,NA,38.02,-121.46,5.7,85,1041440
2017-6037,3/29/2019 0:29:36,C2AB,SJ_MAC_3_J,122.34,122.34,2019UP,NA,38.02,-121.46,5.7,85,1041460
2017-6037,3/29/2019 0:29:56,C2AB,SJ_MAC_3_J,122.34,122.34,2019UP,NA,38.02,-121.46,5.7,85,1041471
2017-6037,3/29/2019 0:30:11,C2AB,SJ_MAC_3_J,122.34,122.34,2019UP,NA,38.02,-121.46,5.7,85,1041478
2017-6037,3/29/2019 0:31:51,C2AB,SJ_MAC_3_J,122.34,122.34,2019UP,NA,38.02,-121.46,5.7,85,1041525
2017-6037,3/29/2019 0:32:46,C2AB,SJ_MAC_3_J,122.34,122.34,2019UP,NA,38.02,-121.46,5.7,85,1041547
2017-6037,3/29/2019 0:32:51,C2AB,SJ_MAC_3_J,122.34,122.34,2019UP,NA,38.02,-121.46,5.7,85,1041549
2017-6037,3/29/2019 0:33:01,C2AB,SJ_MAC_3_J,122.34,122.34,2019UP,NA,38.02,-121.46,5.7,85,1041554
2017-6037,3/29/2019 0:37:42,C2AB,SJ_MAC_3_J,122.34,122.34,2019UP,NA,38.02,-121.46,5.7,85,1041665
2017-6037,3/29/2019 0:37:52,C2AB,SJ_MAC_3_J,122.34,122.34,2019UP,NA,38.02,-121.46,5.7,85,1041669
2017-6037,3/29/2019 0:38:07,C2AB,SJ_MAC_3_J,122.34,122.34,2019UP,NA,38.02,-121.46,5.7,85,1041676
2017-6037,3/29/2019 3:13:46,C2AB,SJ_MAC_3_J,122.34,122.34,2019UP,NA,38.02,-121.46,5.7,85,1046969
2017-6037,3/29/2019 3:13:51,C2AB,SJ_MAC_3_J,122.34,122.34,2019UP,NA,38.02,-121.46,5.7,85,1046976
2017-6037,3/29/2019 3:14:41,C2AB,SJ_MAC_3_J,122.34,122.34,2019UP,NA,38.02,-121.46,5.7,85,1047006
2017-6037,3/29/2019 3:15:31,C2AB,SJ_MAC_3_J,122.34,122.34,2019UP,NA,38.02,-121.46,5.7,85,1047037
2017-6037,3/29/2019 3:15:41,C2AB,SJ_MAC_3_J,122.34,122.34,2019UP,NA,38.02,-121.46,5.7,85,1047044
2017-6037,3/29/2019 3:15:51,C2AB,SJ_MAC_3_J,122.34,122.34,2019UP,NA,38.02,-121.46,5.7,85,1047053
2017-6037,3/29/2019 3:17:02,C2AB,SJ_MAC_3_J,122.34,122.34,2019UP,NA,38.02,-121.46,5.7,85,1047094
2017-6037,3/29/2019 3:17:07,C2AB,SJ_MAC_3_J,122.34,122.34,2019UP,NA,38.02,-121.46,5.7,85,1047099
2017-6037,3/29/2019 3:17:12,C2AB,SJ_MAC_3_J,122.34,122.34,2019UP,NA,38.02,-121.46,5.7,85,1047103
2017-6037,3/29/2019 3:17:37,C2AB,SJ_MAC_3_J,122.34,122.34,2019UP,NA,38.02,-121.46,5.7,85,1047120
2017-6037,3/29/2019 3:17:42,C2AB,SJ_MAC_3_J,122.34,122.34,2019UP,NA,38.02,-121.46,5.7,85,1047124
2017-6037,3/29/2019 3:18:07,C2AB,SJ_MAC_3_J,122.34,122.34,2019UP,NA,38.02,-121.46,5.7,85,1047135
2017-6037,3/29/2019 3:19:22,C2AB,SJ_MAC_3_J,122.34,122.34,2019UP,NA,38.02,-121.46,5.7,85,1047162
2017-6037,3/29/2019 3:19:37,C2AB,SJ_MAC_3_J,122.34,122.34,2019UP,NA,38.02,-121.46,5.7,85,1047171
2017-6037,3/29/2019 3:19:42,C2AB,SJ_MAC_3_J,122.34,122.34,2019UP,NA,38.02,-121.46,5.7,85,1047173
2017-6037,3/29/2019 3:19:52,C2AB,SJ_MAC_3_J,122.34,122.34,2019UP,NA,38.02,-121.46,5.7,85,1047179
2017-6037,3/29/2019 3:19:57,C2AB,SJ_MAC_3_J,122.34,122.34,2019UP,NA,38.02,-121.46,5.7,85,1047183
2017-6037,3/29/2019 3:20:02,C2AB,SJ_MAC_3_J,122.34,122.34,2019UP,NA,38.02,-121.46,5.7,85,1047186
2017-6037,3/29/2019 3:20:07,C2AB,SJ_MAC_3_J,122.34,122.34,2019UP,NA,38.02,-121.46,5.7,85,1047188
2017-6037,3/29/2019 3:20:32,C2AB,SJ_MAC_3_J,122.34,122.34,2019UP,NA,38.02,-121.46,5.7,85,1047201
2017-6037,3/29/2019 3:20:37,C2AB,SJ_MAC_3_J,122.34,122.34,2019UP,NA,38.02,-121.46,5.7,85,1047204
2017-6037,3/29/2019 3:20:42,C2AB,SJ_MAC_3_J,122.34,122.34,2019UP,NA,38.02,-121.46,5.7,85,1047206
2017-6037,3/29/2019 3:20:47,C2AB,SJ_MAC_3_J,122.34,122.34,2019UP,NA,38.02,-121.46,5.7,85,1047209
2017-6037,3/29/2019 3:20:57,C2AB,SJ_MAC_3_J,122.34,122.34,2019UP,NA,38.02,-121.46,5.7,85,1047215
2017-6037,3/29/2019 3:21:07,C2AB,SJ_MAC_3_J,122.34,122.34,2019UP,NA,38.02,-121.46,5.7,85,1047219
2017-6037,3/29/2019 3:21:32,C2AB,SJ_MAC_3_J,122.34,122.34,2019UP,NA,38.02,-121.46,5.7,85,1047232
2017-6037,3/29/2019 3:21:37,C2AB,SJ_MAC_3_J,122.34,122.34,2019UP,NA,38.02,-121.46,5.7,85,1047235
2017-6037,3/29/2019 3:21:42,C2AB,SJ_MAC_3_J,122.34,122.34,2019UP,NA,38.02,-121.46,5.7,85,1047237
2017-6037,3/29/2019 3:21:47,C2AB,SJ_MAC_3_J,122.34,122.34,2019UP,NA,38.02,-121.46,5.7,85,1047240
2017-6037,3/29/2019 3:21:52,C2AB,SJ_MAC_3_J,122.34,122.34,2019UP,NA,38.02,-121.46,5.7,85,1047243
2017-6037,3/29/2019 3:22:38,C2AB,SJ_MAC_3_J,122.34,122.34,2019UP,NA,38.02,-121.46,5.7,85,1047268
2017-6037,3/29/2019 3:26:43,C2AB,SJ_MAC_3_J,122.34,122.34,2019UP,NA,38.02,-121.46,5.7,85,1047426
2017-6037,3/29/2019 3:27:29,C2AB,SJ_MAC_3_J,122.34,122.34,2019UP,NA,38.02,-121.46,5.7,85,1047456
2017-6037,3/29/2019 3:27:34,C2AB,SJ_MAC_3_J,122.34,122.34,2019UP,NA,38.02,-121.46,5.7,85,1047460
2017-6037,3/29/2019 3:28:04,C2AB,SJ_MAC_3_J,122.34,122.34,2019UP,NA,38.02,-121.46,5.7,85,1047481
2017-6037,3/27/2019 17:47:53,C535,SJ_MAC_3_J,122.34,122.34,2019UP,NA,38.02,-121.46,5.6,84,963957
2017-6037,3/27/2019 17:48:14,C535,SJ_MAC_3_J,122.34,122.34,2019UP,NA,38.02,-121.46,5.6,84,963982
2017-6037,3/27/2019 17:48:54,C535,SJ_MAC_3_J,122.34,122.34,2019UP,NA,38.02,-121.46,5.6,84,964030
2017-6037,3/27/2019 17:49:30,C535,SJ_MAC_3_J,122.34,122.34,2019UP,NA,38.02,-121.46,5.6,84,964072
2017-6037,3/27/2019 17:49:35,C535,SJ_MAC_3_J,122.34,122.34,2019UP,NA,38.02,-121.46,5.6,84,964077
2017-6037,3/27/2019 17:49:40,C535,SJ_MAC_3_J,122.34,122.34,2019UP,NA,38.02,-121.46,5.6,84,964082
2017-6037,3/27/2019 17:49:50,C535,SJ_MAC_3_J,122.34,122.34,2019UP,NA,38.02,-121.46,5.6,84,964094
2017-6037,3/27/2019 17:50:00,C535,SJ_MAC_3_J,122.34,122.34,2019UP,NA,38.02,-121.46,5.6,84,964108
2017-6037,3/27/2019 17:50:20,C535,SJ_MAC_3_J,122.34,122.34,2019UP,NA,38.02,-121.46,5.6,84,964137
2017-6037,3/27/2019 17:50:30,C535,SJ_MAC_3_J,122.34,122.34,2019UP,NA,38.02,-121.46,5.6,84,964149
2017-6037,3/27/2019 17:50:35,C535,SJ_MAC_3_J,122.34,122.34,2019UP,NA,38.02,-121.46,5.6,84,964153
2017-6037,3/27/2019 17:51:16,C535,SJ_MAC_3_J,122.34,122.34,2019UP,NA,38.02,-121.46,5.6,84,964199
2017-6037,3/27/2019 17:51:21,C535,SJ_MAC_3_J,122.34,122.34,2019UP,NA,38.02,-121.46,5.6,84,964204
2017-6037,3/27/2019 17:51:26,C535,SJ_MAC_3_J,122.34,122.34,2019UP,NA,38.02,-121.46,5.6,84,964210
2017-6037,3/27/2019 17:51:51,C535,SJ_MAC_3_J,122.34,122.34,2019UP,NA,38.02,-121.46,5.6,84,964235
2017-6037,3/27/2019 17:52:02,C535,SJ_MAC_3_J,122.34,122.34,2019UP,NA,38.02,-121.46,5.6,84,964246
2017-6037,3/27/2019 17:52:07,C535,SJ_MAC_3_J,122.34,122.34,2019UP,NA,38.02,-121.46,5.6,84,964252
2017-6037,3/27/2019 17:52:37,C535,SJ_MAC_3_J,122.34,122.34,2019UP,NA,38.02,-121.46,5.6,84,964281
2017-6037,3/27/2019 17:52:47,C535,SJ_MAC_3_J,122.34,122.34,2019UP,NA,38.02,-121.46,5.6,84,964287
2017-6037,3/27/2019 17:53:02,C535,SJ_MAC_3_J,122.34,122.34,2019UP,NA,38.02,-121.46,5.6,84,964304
2017-6037,3/27/2019 17:53:12,C535,SJ_MAC_3_J,122.34,122.34,2019UP,NA,38.02,-121.46,5.6,84,964315
2017-6037,3/27/2019 17:53:58,C535,SJ_MAC_3_J,122.34,122.34,2019UP,NA,38.02,-121.46,5.6,84,964358
2017-6037,3/27/2019 17:54:03,C535,SJ_MAC_3_J,122.34,122.34,2019UP,NA,38.02,-121.46,5.6,84,964365
2017-6037,3/27/2019 17:54:13,C535,SJ_MAC_3_J,122.34,122.34,2019UP,NA,38.02,-121.46,5.6,84,964375
2017-6037,3/27/2019 17:54:38,C535,SJ_MAC_3_J,122.34,122.34,2019UP,NA,38.02,-121.46,5.6,84,964396
2017-6037,3/27/2019 17:54:49,C535,SJ_MAC_3_J,122.34,122.34,2019UP,NA,38.02,-121.46,5.6,84,964405
2017-6037,3/27/2019 17:54:59,C535,SJ_MAC_3_J,122.34,122.34,2019UP,NA,38.02,-121.46,5.6,84,964420
2017-6037,3/27/2019 17:55:04,C535,SJ_MAC_3_J,122.34,122.34,2019UP,NA,38.02,-121.46,5.6,84,964428
2017-6037,3/27/2019 17:55:14,C535,SJ_MAC_3_J,122.34,122.34,2019UP,NA,38.02,-121.46,5.6,84,964440
2017-6037,3/27/2019 17:55:34,C535,SJ_MAC_3_J,122.34,122.34,2019UP,NA,38.02,-121.46,5.6,84,964461
2017-6037,3/27/2019 17:55:44,C535,SJ_MAC_3_J,122.34,122.34,2019UP,NA,38.02,-121.46,5.6,84,964468
2017-6037,3/27/2019 17:55:54,C535,SJ_MAC_3_J,122.34,122.34,2019UP,NA,38.02,-121.46,5.6,84,964482
2017-6037,3/27/2019 17:56:00,C535,SJ_MAC_3_J,122.34,122.34,2019UP,NA,38.02,-121.46,5.6,84,964489
2017-6037,3/27/2019 17:56:10,C535,SJ_MAC_3_J,122.34,122.34,2019UP,NA,38.02,-121.46,5.6,84,964497
2017-6037,3/27/2019 17:56:30,C535,SJ_MAC_3_J,122.34,122.34,2019UP,NA,38.02,-121.46,5.6,84,964519
2017-6037,3/27/2019 17:56:40,C535,SJ_MAC_3_J,122.34,122.34,2019UP,NA,38.02,-121.46,5.6,84,964529
2017-6037,3/27/2019 17:56:55,C535,SJ_MAC_3_J,122.34,122.34,2019UP,NA,38.02,-121.46,5.6,84,964546
2017-6037,3/27/2019 17:57:00,C535,SJ_MAC_3_J,122.34,122.34,2019UP,NA,38.02,-121.46,5.6,84,964552
2017-6037,3/27/2019 17:57:10,C535,SJ_MAC_3_J,122.34,122.34,2019UP,NA,38.02,-121.46,5.6,84,964564
2017-6037,3/27/2019 17:57:21,C535,SJ_MAC_3_J,122.34,122.34,2019UP,NA,38.02,-121.46,5.6,84,964574
2017-6037,3/27/2019 17:57:31,C535,SJ_MAC_3_J,122.34,122.34,2019UP,NA,38.02,-121.46,5.6,84,964589
2017-6037,3/27/2019 17:57:36,C535,SJ_MAC_3_J,122.34,122.34,2019UP,NA,38.02,-121.46,5.6,84,964595
2017-6037,3/27/2019 17:58:01,C535,SJ_MAC_3_J,122.34,122.34,2019UP,NA,38.02,-121.46,5.6,84,964618
2017-6037,3/27/2019 17:58:06,C535,SJ_MAC_3_J,122.34,122.34,2019UP,NA,38.02,-121.46,5.6,84,964626
2017-6037,3/27/2019 17:58:11,C535,SJ_MAC_3_J,122.34,122.34,2019UP,NA,38.02,-121.46,5.6,84,964633
2017-6037,3/27/2019 17:58:26,C535,SJ_MAC_3_J,122.34,122.34,2019UP,NA,38.02,-121.46,5.6,84,964648
2017-6037,3/27/2019 17:58:42,C535,SJ_MAC_3_J,122.34,122.34,2019UP,NA,38.02,-121.46,5.6,84,964661
2017-6037,3/27/2019 17:58:47,C535,SJ_MAC_3_J,122.34,122.34,2019UP,NA,38.02,-121.46,5.6,84,964666
2017-6037,3/27/2019 17:59:07,C535,SJ_MAC_3_J,122.34,122.34,2019UP,NA,38.02,-121.46,5.6,84,964686
2017-6037,3/27/2019 17:59:12,C535,SJ_MAC_3_J,122.34,122.34,2019UP,NA,38.02,-121.46,5.6,84,964691
2017-6037,3/27/2019 17:59:32,C535,SJ_MAC_3_J,122.34,122.34,2019UP,NA,38.02,-121.46,5.6,84,964705
2017-6037,3/27/2019 17:59:47,C535,SJ_MAC_3_J,122.34,122.34,2019UP,NA,38.02,-121.46,5.6,84,964717
2017-6037,3/27/2019 18:00:03,C535,SJ_MAC_3_J,122.34,122.34,2019UP,NA,38.02,-121.46,5.6,84,964733
2017-6037,3/27/2019 18:00:08,C535,SJ_MAC_3_J,122.34,122.34,2019UP,NA,38.02,-121.46,5.6,84,964735
2017-6037,3/27/2019 18:00:13,C535,SJ_MAC_3_J,122.34,122.34,2019UP,NA,38.02,-121.46,5.6,84,964741
2017-6037,3/27/2019 18:00:48,C535,SJ_MAC_3_J,122.34,122.34,2019UP,NA,38.02,-121.46,5.6,84,964764
2017-6037,3/27/2019 18:00:53,C535,SJ_MAC_3_J,122.34,122.34,2019UP,NA,38.02,-121.46,5.6,84,964770
2017-6037,3/27/2019 18:01:03,C535,SJ_MAC_3_J,122.34,122.34,2019UP,NA,38.02,-121.46,5.6,84,964777
2017-6037,3/27/2019 18:01:13,C535,SJ_MAC_3_J,122.34,122.34,2019UP,NA,38.02,-121.46,5.6,84,964781
2017-6037,3/27/2019 18:01:44,C535,SJ_MAC_3_J,122.34,122.34,2019UP,NA,38.02,-121.46,5.6,84,964798
2017-6037,3/27/2019 18:01:59,C535,SJ_MAC_3_J,122.34,122.34,2019UP,NA,38.02,-121.46,5.6,84,964805
2017-6037,3/27/2019 18:02:09,C535,SJ_MAC_3_J,122.34,122.34,2019UP,NA,38.02,-121.46,5.6,84,964810
2017-6037,3/27/2019 18:02:14,C535,SJ_MAC_3_J,122.34,122.34,2019UP,NA,38.02,-121.46,5.6,84,964814
2017-6037,3/27/2019 18:02:29,C535,SJ_MAC_3_J,122.34,122.34,2019UP,NA,38.02,-121.46,5.6,84,964822
2017-6037,3/27/2019 18:02:50,C535,SJ_MAC_3_J,122.34,122.34,2019UP,NA,38.02,-121.46,5.6,84,964828
2017-6037,3/27/2019 18:03:00,C535,SJ_MAC_3_J,122.34,122.34,2019UP,NA,38.02,-121.46,5.6,84,964834
2017-6037,3/27/2019 18:03:05,C535,SJ_MAC_3_J,122.34,122.34,2019UP,NA,38.02,-121.46,5.6,84,964839
2017-6037,3/27/2019 18:03:10,C535,SJ_MAC_3_J,122.34,122.34,2019UP,NA,38.02,-121.46,5.6,84,964842
2017-6037,3/27/2019 18:03:15,C535,SJ_MAC_3_J,122.34,122.34,2019UP,NA,38.02,-121.46,5.6,84,964845
2017-6037,3/27/2019 18:03:20,C535,SJ_MAC_3_J,122.34,122.34,2019UP,NA,38.02,-121.46,5.6,84,964847
2017-6037,3/27/2019 18:03:45,C535,SJ_MAC_3_J,122.34,122.34,2019UP,NA,38.02,-121.46,5.6,84,964863
2017-6037,3/27/2019 18:03:55,C535,SJ_MAC_3_J,122.34,122.34,2019UP,NA,38.02,-121.46,5.6,84,964868
2017-6037,3/27/2019 18:04:06,C535,SJ_MAC_3_J,122.34,122.34,2019UP,NA,38.02,-121.46,5.6,84,964876
2017-6037,3/27/2019 18:04:16,C535,SJ_MAC_3_J,122.34,122.34,2019UP,NA,38.02,-121.46,5.6,84,964878
2017-6037,3/27/2019 18:04:21,C535,SJ_MAC_3_J,122.34,122.34,2019UP,NA,38.02,-121.46,5.6,84,964880
2017-6037,3/27/2019 18:04:26,C535,SJ_MAC_3_J,122.34,122.34,2019UP,NA,38.02,-121.46,5.6,84,964882
2017-6037,3/27/2019 18:05:01,C535,SJ_MAC_3_J,122.34,122.34,2019UP,NA,38.02,-121.46,5.6,84,964900
2017-6037,3/27/2019 18:05:16,C535,SJ_MAC_3_J,122.34,122.34,2019UP,NA,38.02,-121.46,5.6,84,964907
2017-6037,3/27/2019 18:05:27,C535,SJ_MAC_3_J,122.34,122.34,2019UP,NA,38.02,-121.46,5.6,84,964914
2017-6037,3/27/2019 18:05:37,C535,SJ_MAC_3_J,122.34,122.34,2019UP,NA,38.02,-121.46,5.6,84,964921
2017-6037,3/27/2019 18:05:47,C535,SJ_MAC_3_J,122.34,122.34,2019UP,NA,38.02,-121.46,5.6,84,964928
2017-6037,3/27/2019 18:05:57,C535,SJ_MAC_3_J,122.34,122.34,2019UP,NA,38.02,-121.46,5.6,84,964936
2017-6037,3/27/2019 18:06:12,C535,SJ_MAC_3_J,122.34,122.34,2019UP,NA,38.02,-121.46,5.6,84,964945
2017-6037,3/27/2019 18:06:17,C535,SJ_MAC_3_J,122.34,122.34,2019UP,NA,38.02,-121.46,5.6,84,964950
2017-6037,3/27/2019 18:06:22,C535,SJ_MAC_3_J,122.34,122.34,2019UP,NA,38.02,-121.46,5.6,84,964954
2017-6037,3/27/2019 18:06:27,C535,SJ_MAC_3_J,122.34,122.34,2019UP,NA,38.02,-121.46,5.6,84,964958
2017-6037,3/27/2019 18:06:32,C535,SJ_MAC_3_J,122.34,122.34,2019UP,NA,38.02,-121.46,5.6,84,964961
2017-6037,3/27/2019 18:06:37,C535,SJ_MAC_3_J,122.34,122.34,2019UP,NA,38.02,-121.46,5.6,84,964965
2017-6037,3/27/2019 18:06:48,C535,SJ_MAC_3_J,122.34,122.34,2019UP,NA,38.02,-121.46,5.6,84,964970
2017-6037,3/27/2019 18:06:53,C535,SJ_MAC_3_J,122.34,122.34,2019UP,NA,38.02,-121.46,5.6,84,964971
2017-6037,3/27/2019 18:07:13,C535,SJ_MAC_3_J,122.34,122.34,2019UP,NA,38.02,-121.46,5.6,84,964985
2017-6037,3/27/2019 18:07:18,C535,SJ_MAC_3_J,122.34,122.34,2019UP,NA,38.02,-121.46,5.6,84,964989
2017-6037,3/27/2019 18:07:33,C535,SJ_MAC_3_J,122.34,122.34,2019UP,NA,38.02,-121.46,5.6,84,965000
2017-6037,3/27/2019 18:07:53,C535,SJ_MAC_3_J,122.34,122.34,2019UP,NA,38.02,-121.46,5.6,84,965012
2017-6037,3/27/2019 18:07:58,C535,SJ_MAC_3_J,122.34,122.34,2019UP,NA,38.02,-121.46,5.6,84,965015
2017-6037,3/27/2019 18:08:49,C535,SJ_MAC_3_J,122.34,122.34,2019UP,NA,38.02,-121.46,5.6,84,965036
2017-6037,3/27/2019 18:08:54,C535,SJ_MAC_3_J,122.34,122.34,2019UP,NA,38.02,-121.46,5.6,84,965039
2017-6037,3/27/2019 18:09:04,C535,SJ_MAC_3_J,122.34,122.34,2019UP,NA,38.02,-121.46,5.6,84,965049
2017-6037,3/27/2019 18:09:24,C535,SJ_MAC_3_J,122.34,122.34,2019UP,NA,38.02,-121.46,5.6,84,965062
2017-6037,3/27/2019 18:10:05,C535,SJ_MAC_3_J,122.34,122.34,2019UP,NA,38.02,-121.46,5.6,84,965091
2017-6037,3/27/2019 18:10:15,C535,SJ_MAC_3_J,122.34,122.34,2019UP,NA,38.02,-121.46,5.6,84,965099
2017-6037,3/27/2019 18:10:20,C535,SJ_MAC_3_J,122.34,122.34,2019UP,NA,38.02,-121.46,5.6,84,965104
2017-6037,3/27/2019 18:10:30,C535,SJ_MAC_3_J,122.34,122.34,2019UP,NA,38.02,-121.46,5.6,84,965112
2017-6037,3/27/2019 18:10:35,C535,SJ_MAC_3_J,122.34,122.34,2019UP,NA,38.02,-121.46,5.6,84,965116
2017-6037,3/27/2019 18:10:40,C535,SJ_MAC_3_J,122.34,122.34,2019UP,NA,38.02,-121.46,5.6,84,965119
2017-6037,3/27/2019 18:10:51,C535,SJ_MAC_3_J,122.34,122.34,2019UP,NA,38.02,-121.46,5.6,84,965126
2017-6037,3/27/2019 18:10:56,C535,SJ_MAC_3_J,122.34,122.34,2019UP,NA,38.02,-121.46,5.6,84,965129
2017-6037,3/27/2019 18:11:11,C535,SJ_MAC_3_J,122.34,122.34,2019UP,NA,38.02,-121.46,5.6,84,965142
2017-6037,3/27/2019 18:11:16,C535,SJ_MAC_3_J,122.34,122.34,2019UP,NA,38.02,-121.46,5.6,84,965146
2017-6037,3/27/2019 18:11:26,C535,SJ_MAC_3_J,122.34,122.34,2019UP,NA,38.02,-121.46,5.6,84,965154
2017-6037,3/27/2019 18:11:31,C535,SJ_MAC_3_J,122.34,122.34,2019UP,NA,38.02,-121.46,5.6,84,965159
2017-6037,3/27/2019 18:11:41,C535,SJ_MAC_3_J,122.34,122.34,2019UP,NA,38.02,-121.46,5.6,84,965163
2017-6037,3/27/2019 18:11:46,C535,SJ_MAC_3_J,122.34,122.34,2019UP,NA,38.02,-121.46,5.6,84,965167
2017-6037,3/27/2019 18:11:51,C535,SJ_MAC_3_J,122.34,122.34,2019UP,NA,38.02,-121.46,5.6,84,965172
2017-6037,3/27/2019 18:12:01,C535,SJ_MAC_3_J,122.34,122.34,2019UP,NA,38.02,-121.46,5.6,84,965175
2017-6037,3/27/2019 18:12:07,C535,SJ_MAC_3_J,122.34,122.34,2019UP,NA,38.02,-121.46,5.6,84,965179
2017-6037,3/27/2019 18:12:22,C535,SJ_MAC_3_J,122.34,122.34,2019UP,NA,38.02,-121.46,5.6,84,965188
2017-6037,3/27/2019 18:12:27,C535,SJ_MAC_3_J,122.34,122.34,2019UP,NA,38.02,-121.46,5.6,84,965193
2017-6037,3/27/2019 18:12:32,C535,SJ_MAC_3_J,122.34,122.34,2019UP,NA,38.02,-121.46,5.6,84,965196
2017-6037,3/27/2019 18:12:37,C535,SJ_MAC_3_J,122.34,122.34,2019UP,NA,38.02,-121.46,5.6,84,965200
2017-6037,3/27/2019 18:12:47,C535,SJ_MAC_3_J,122.34,122.34,2019UP,NA,38.02,-121.46,5.6,84,965206
2017-6037,3/27/2019 18:13:02,C535,SJ_MAC_3_J,122.34,122.34,2019UP,NA,38.02,-121.46,5.6,84,965216
2017-6037,3/27/2019 18:13:12,C535,SJ_MAC_3_J,122.34,122.34,2019UP,NA,38.02,-121.46,5.6,84,965223
2017-6037,3/27/2019 18:13:17,C535,SJ_MAC_3_J,122.34,122.34,2019UP,NA,38.02,-121.46,5.6,84,965225
2017-6037,3/27/2019 18:13:22,C535,SJ_MAC_3_J,122.34,122.34,2019UP,NA,38.02,-121.46,5.6,84,965231
2017-6037,3/27/2019 18:13:33,C535,SJ_MAC_3_J,122.34,122.34,2019UP,NA,38.02,-121.46,5.6,84,965239
2017-6037,3/27/2019 18:13:43,C535,SJ_MAC_3_J,122.34,122.34,2019UP,NA,38.02,-121.46,5.6,84,965249
2017-6037,3/27/2019 18:13:48,C535,SJ_MAC_3_J,122.34,122.34,2019UP,NA,38.02,-121.46,5.6,84,965251
2017-6037,3/27/2019 18:13:53,C535,SJ_MAC_3_J,122.34,122.34,2019UP,NA,38.02,-121.46,5.6,84,965255
2017-6037,3/27/2019 18:13:58,C535,SJ_MAC_3_J,122.34,122.34,2019UP,NA,38.02,-121.46,5.6,84,965260
2017-6037,3/27/2019 18:14:33,C535,SJ_MAC_3_J,122.34,122.34,2019UP,NA,38.02,-121.46,5.6,84,965283
2017-6037,3/27/2019 18:14:38,C535,SJ_MAC_3_J,122.34,122.34,2019UP,NA,38.02,-121.46,5.6,84,965286
2017-6037,3/27/2019 18:14:49,C535,SJ_MAC_3_J,122.34,122.34,2019UP,NA,38.02,-121.46,5.6,84,965296
2017-6037,3/27/2019 18:14:59,C535,SJ_MAC_3_J,122.34,122.34,2019UP,NA,38.02,-121.46,5.6,84,965300
2017-6037,3/27/2019 18:15:09,C535,SJ_MAC_3_J,122.34,122.34,2019UP,NA,38.02,-121.46,5.6,84,965303
2017-6037,3/27/2019 18:15:19,C535,SJ_MAC_3_J,122.34,122.34,2019UP,NA,38.02,-121.46,5.6,84,965311
2017-6037,3/27/2019 18:15:39,C535,SJ_MAC_3_J,122.34,122.34,2019UP,NA,38.02,-121.46,5.6,84,965324
2017-6037,3/27/2019 18:15:54,C535,SJ_MAC_3_J,122.34,122.34,2019UP,NA,38.02,-121.46,5.6,84,965332
2017-6037,3/27/2019 18:15:59,C535,SJ_MAC_3_J,122.34,122.34,2019UP,NA,38.02,-121.46,5.6,84,965336
2017-6037,3/27/2019 18:16:15,C535,SJ_MAC_3_J,122.34,122.34,2019UP,NA,38.02,-121.46,5.6,84,965344
2017-6037,3/27/2019 18:16:35,C535,SJ_MAC_3_J,122.34,122.34,2019UP,NA,38.02,-121.46,5.6,84,965356
2017-6037,3/27/2019 18:16:40,C535,SJ_MAC_3_J,122.34,122.34,2019UP,NA,38.02,-121.46,5.6,84,965360
2017-6037,3/27/2019 18:16:55,C535,SJ_MAC_3_J,122.34,122.34,2019UP,NA,38.02,-121.46,5.6,84,965370
2017-6037,3/27/2019 18:17:05,C535,SJ_MAC_3_J,122.34,122.34,2019UP,NA,38.02,-121.46,5.6,84,965378
2017-6037,3/27/2019 18:17:20,C535,SJ_MAC_3_J,122.34,122.34,2019UP,NA,38.02,-121.46,5.6,84,965387
2017-6037,3/27/2019 18:17:26,C535,SJ_MAC_3_J,122.34,122.34,2019UP,NA,38.02,-121.46,5.6,84,965389
2017-6037,3/27/2019 18:17:46,C535,SJ_MAC_3_J,122.34,122.34,2019UP,NA,38.02,-121.46,5.6,84,965395
2017-6037,3/27/2019 18:17:56,C535,SJ_MAC_3_J,122.34,122.34,2019UP,NA,38.02,-121.46,5.6,84,965401
2017-6037,3/27/2019 18:18:01,C535,SJ_MAC_3_J,122.34,122.34,2019UP,NA,38.02,-121.46,5.6,84,965405
2017-6037,3/27/2019 18:18:26,C535,SJ_MAC_3_J,122.34,122.34,2019UP,NA,38.02,-121.46,5.6,84,965419
2017-6037,3/27/2019 18:18:52,C535,SJ_MAC_3_J,122.34,122.34,2019UP,NA,38.02,-121.46,5.6,84,965428
2017-6037,3/27/2019 18:18:57,C535,SJ_MAC_3_J,122.34,122.34,2019UP,NA,38.02,-121.46,5.6,84,965430
2017-6037,3/27/2019 18:19:22,C535,SJ_MAC_3_J,122.34,122.34,2019UP,NA,38.02,-121.46,5.6,84,965436
2017-6037,3/27/2019 18:19:27,C535,SJ_MAC_3_J,122.34,122.34,2019UP,NA,38.02,-121.46,5.6,84,965437
2017-6037,3/27/2019 18:20:08,C535,SJ_MAC_3_J,122.34,122.34,2019UP,NA,38.02,-121.46,5.6,84,965456
2017-6037,3/27/2019 18:20:23,C535,SJ_MAC_3_J,122.34,122.34,2019UP,NA,38.02,-121.46,5.6,84,965469
2017-6037,3/27/2019 18:20:28,C535,SJ_MAC_3_J,122.34,122.34,2019UP,NA,38.02,-121.46,5.6,84,965471
2017-6037,3/27/2019 18:20:53,C535,SJ_MAC_3_J,122.34,122.34,2019UP,NA,38.02,-121.46,5.6,84,965488
2017-6037,3/27/2019 18:20:58,C535,SJ_MAC_3_J,122.34,122.34,2019UP,NA,38.02,-121.46,5.6,84,965492
2017-6037,3/27/2019 18:21:08,C535,SJ_MAC_3_J,122.34,122.34,2019UP,NA,38.02,-121.46,5.6,84,965497
2017-6037,3/27/2019 18:22:19,C535,SJ_MAC_3_J,122.34,122.34,2019UP,NA,38.02,-121.46,5.6,84,965526
2017-6037,3/27/2019 18:22:45,C535,SJ_MAC_3_J,122.34,122.34,2019UP,NA,38.02,-121.46,5.6,84,965531
2017-6037,3/27/2019 18:23:10,C535,SJ_MAC_3_J,122.34,122.34,2019UP,NA,38.02,-121.46,5.6,84,965543
2017-6037,3/27/2019 18:23:15,C535,SJ_MAC_3_J,122.34,122.34,2019UP,NA,38.02,-121.46,5.6,84,965547
2017-6037,3/27/2019 18:23:30,C535,SJ_MAC_3_J,122.34,122.34,2019UP,NA,38.02,-121.46,5.6,84,965554
2017-6037,3/27/2019 18:23:40,C535,SJ_MAC_3_J,122.34,122.34,2019UP,NA,38.02,-121.46,5.6,84,965559
2017-6037,3/27/2019 18:24:00,C535,SJ_MAC_3_J,122.34,122.34,2019UP,NA,38.02,-121.46,5.6,84,965565
2017-6037,3/27/2019 18:24:06,C535,SJ_MAC_3_J,122.34,122.34,2019UP,NA,38.02,-121.46,5.6,84,965568
2017-6037,3/27/2019 18:24:11,C535,SJ_MAC_3_J,122.34,122.34,2019UP,NA,38.02,-121.46,5.6,84,965570
2017-6037,3/27/2019 18:24:31,C535,SJ_MAC_3_J,122.34,122.34,2019UP,NA,38.02,-121.46,5.6,84,965581
2017-6037,3/27/2019 18:24:41,C535,SJ_MAC_3_J,122.34,122.34,2019UP,NA,38.02,-121.46,5.6,84,965585
2017-6037,3/27/2019 18:24:51,C535,SJ_MAC_3_J,122.34,122.34,2019UP,NA,38.02,-121.46,5.6,84,965589
2017-6037,3/27/2019 18:25:06,C535,SJ_MAC_3_J,122.34,122.34,2019UP,NA,38.02,-121.46,5.6,84,965594
2017-6037,3/27/2019 18:25:16,C535,SJ_MAC_3_J,122.34,122.34,2019UP,NA,38.02,-121.46,5.6,84,965597
2017-6037,3/27/2019 18:25:32,C535,SJ_MAC_3_J,122.34,122.34,2019UP,NA,38.02,-121.46,5.6,84,965602
2017-6037,3/27/2019 18:25:47,C535,SJ_MAC_3_J,122.34,122.34,2019UP,NA,38.02,-121.46,5.6,84,965609
2017-6037,3/27/2019 18:25:57,C535,SJ_MAC_3_J,122.34,122.34,2019UP,NA,38.02,-121.46,5.6,84,965614
2017-6037,3/27/2019 18:26:02,C535,SJ_MAC_3_J,122.34,122.34,2019UP,NA,38.02,-121.46,5.6,84,965617
2017-6037,3/27/2019 18:26:07,C535,SJ_MAC_3_J,122.34,122.34,2019UP,NA,38.02,-121.46,5.6,84,965620
2017-6037,3/27/2019 18:26:48,C535,SJ_MAC_3_J,122.34,122.34,2019UP,NA,38.02,-121.46,5.6,84,965637
2017-6037,3/27/2019 18:27:38,C535,SJ_MAC_3_J,122.34,122.34,2019UP,NA,38.02,-121.46,5.6,84,965653
2017-6037,3/27/2019 18:27:43,C535,SJ_MAC_3_J,122.34,122.34,2019UP,NA,38.02,-121.46,5.6,84,965656
2017-6037,3/27/2019 18:27:59,C535,SJ_MAC_3_J,122.34,122.34,2019UP,NA,38.02,-121.46,5.6,84,965661
2017-6037,3/27/2019 18:28:04,C535,SJ_MAC_3_J,122.34,122.34,2019UP,NA,38.02,-121.46,5.6,84,965663
2017-6037,3/27/2019 18:28:14,C535,SJ_MAC_3_J,122.34,122.34,2019UP,NA,38.02,-121.46,5.6,84,965666
2017-6037,3/27/2019 18:28:29,C535,SJ_MAC_3_J,122.34,122.34,2019UP,NA,38.02,-121.46,5.6,84,965671
2017-6037,3/27/2019 18:28:49,C535,SJ_MAC_3_J,122.34,122.34,2019UP,NA,38.02,-121.46,5.6,84,965676
2017-6037,3/27/2019 18:28:54,C535,SJ_MAC_3_J,122.34,122.34,2019UP,NA,38.02,-121.46,5.6,84,965679
2017-6037,3/27/2019 18:28:59,C535,SJ_MAC_3_J,122.34,122.34,2019UP,NA,38.02,-121.46,5.6,84,965682
2017-6037,3/27/2019 18:29:09,C535,SJ_MAC_3_J,122.34,122.34,2019UP,NA,38.02,-121.46,5.6,84,965686
2017-6037,3/27/2019 18:29:30,C535,SJ_MAC_3_J,122.34,122.34,2019UP,NA,38.02,-121.46,5.6,84,965692
2017-6037,3/27/2019 18:29:45,C535,SJ_MAC_3_J,122.34,122.34,2019UP,NA,38.02,-121.46,5.6,84,965696
2017-6037,3/27/2019 18:29:55,C535,SJ_MAC_3_J,122.34,122.34,2019UP,NA,38.02,-121.46,5.6,84,965699
2017-6037,3/27/2019 18:30:05,C535,SJ_MAC_3_J,122.34,122.34,2019UP,NA,38.02,-121.46,5.6,84,965703
2017-6037,3/27/2019 18:30:10,C535,SJ_MAC_3_J,122.34,122.34,2019UP,NA,38.02,-121.46,5.6,84,965705
2017-6037,3/27/2019 18:30:41,C535,SJ_MAC_3_J,122.34,122.34,2019UP,NA,38.02,-121.46,5.6,84,965712
2017-6037,3/27/2019 18:30:46,C535,SJ_MAC_3_J,122.34,122.34,2019UP,NA,38.02,-121.46,5.6,84,965713
2017-6037,3/27/2019 18:31:01,C535,SJ_MAC_3_J,122.34,122.34,2019UP,NA,38.02,-121.46,5.6,84,965716
2017-6037,3/27/2019 18:31:16,C535,SJ_MAC_3_J,122.34,122.34,2019UP,NA,38.02,-121.46,5.6,84,965720
2017-6037,3/27/2019 18:31:26,C535,SJ_MAC_3_J,122.34,122.34,2019UP,NA,38.02,-121.46,5.6,84,965725
2017-6037,3/27/2019 18:31:31,C535,SJ_MAC_3_J,122.34,122.34,2019UP,NA,38.02,-121.46,5.6,84,965729
2017-6037,3/27/2019 18:31:36,C535,SJ_MAC_3_J,122.34,122.34,2019UP,NA,38.02,-121.46,5.6,84,965733
2017-6037,3/27/2019 18:32:02,C535,SJ_MAC_3_J,122.34,122.34,2019UP,NA,38.02,-121.46,5.6,84,965747
2017-6037,3/27/2019 18:32:12,C535,SJ_MAC_3_J,122.34,122.34,2019UP,NA,38.02,-121.46,5.6,84,965753
2017-6037,3/27/2019 18:32:22,C535,SJ_MAC_3_J,122.34,122.34,2019UP,NA,38.02,-121.46,5.6,84,965762
2017-6037,3/27/2019 18:32:42,C535,SJ_MAC_3_J,122.34,122.34,2019UP,NA,38.02,-121.46,5.6,84,965774
2017-6037,3/27/2019 18:32:47,C535,SJ_MAC_3_J,122.34,122.34,2019UP,NA,38.02,-121.46,5.6,84,965778
2017-6037,3/27/2019 18:33:18,C535,SJ_MAC_3_J,122.34,122.34,2019UP,NA,38.02,-121.46,5.6,84,965802
2017-6037,3/27/2019 18:33:23,C535,SJ_MAC_3_J,122.34,122.34,2019UP,NA,38.02,-121.46,5.6,84,965805
2017-6037,3/27/2019 18:33:28,C535,SJ_MAC_3_J,122.34,122.34,2019UP,NA,38.02,-121.46,5.6,84,965814
2017-6037,3/27/2019 18:33:53,C535,SJ_MAC_3_J,122.34,122.34,2019UP,NA,38.02,-121.46,5.6,84,965839
2017-6037,3/27/2019 18:34:33,C535,SJ_MAC_3_J,122.34,122.34,2019UP,NA,38.02,-121.46,5.6,84,965874
2017-6037,3/27/2019 18:34:54,C535,SJ_MAC_3_J,122.34,122.34,2019UP,NA,38.02,-121.46,5.6,84,965892
2017-6037,3/27/2019 18:35:04,C535,SJ_MAC_3_J,122.34,122.34,2019UP,NA,38.02,-121.46,5.6,84,965901
2017-6037,3/27/2019 18:35:14,C535,SJ_MAC_3_J,122.34,122.34,2019UP,NA,38.02,-121.46,5.6,84,965906
2017-6037,3/27/2019 18:35:24,C535,SJ_MAC_3_J,122.34,122.34,2019UP,NA,38.02,-121.46,5.6,84,965915
2017-6037,3/27/2019 18:35:34,C535,SJ_MAC_3_J,122.34,122.34,2019UP,NA,38.02,-121.46,5.6,84,965926
2017-6037,3/27/2019 18:35:49,C535,SJ_MAC_3_J,122.34,122.34,2019UP,NA,38.02,-121.46,5.6,84,965937
2017-6037,3/27/2019 18:36:10,C535,SJ_MAC_3_J,122.34,122.34,2019UP,NA,38.02,-121.46,5.6,84,965955
2017-6037,3/27/2019 18:36:15,C535,SJ_MAC_3_J,122.34,122.34,2019UP,NA,38.02,-121.46,5.6,84,965959
2017-6037,3/27/2019 18:36:30,C535,SJ_MAC_3_J,122.34,122.34,2019UP,NA,38.02,-121.46,5.6,84,965976
2017-6037,3/27/2019 18:36:50,C535,SJ_MAC_3_J,122.34,122.34,2019UP,NA,38.02,-121.46,5.6,84,965995
2017-6037,3/27/2019 18:36:55,C535,SJ_MAC_3_J,122.34,122.34,2019UP,NA,38.02,-121.46,5.6,84,966000
2017-6037,3/27/2019 18:37:26,C535,SJ_MAC_3_J,122.34,122.34,2019UP,NA,38.02,-121.46,5.6,84,966026
2017-6037,3/27/2019 18:37:31,C535,SJ_MAC_3_J,122.34,122.34,2019UP,NA,38.02,-121.46,5.6,84,966032
2017-6037,3/27/2019 18:37:36,C535,SJ_MAC_3_J,122.34,122.34,2019UP,NA,38.02,-121.46,5.6,84,966036
2017-6037,3/27/2019 18:37:56,C535,SJ_MAC_3_J,122.34,122.34,2019UP,NA,38.02,-121.46,5.6,84,966052
2017-6037,3/27/2019 18:38:16,C535,SJ_MAC_3_J,122.34,122.34,2019UP,NA,38.02,-121.46,5.6,84,966073
2017-6037,3/27/2019 18:38:26,C535,SJ_MAC_3_J,122.34,122.34,2019UP,NA,38.02,-121.46,5.6,84,966082
2017-6037,3/27/2019 18:38:31,C535,SJ_MAC_3_J,122.34,122.34,2019UP,NA,38.02,-121.46,5.6,84,966086
2017-6037,3/27/2019 18:38:42,C535,SJ_MAC_3_J,122.34,122.34,2019UP,NA,38.02,-121.46,5.6,84,966098
2017-6037,3/27/2019 18:38:47,C535,SJ_MAC_3_J,122.34,122.34,2019UP,NA,38.02,-121.46,5.6,84,966104
2017-6037,3/27/2019 18:38:52,C535,SJ_MAC_3_J,122.34,122.34,2019UP,NA,38.02,-121.46,5.6,84,966110
2017-6037,3/27/2019 18:38:57,C535,SJ_MAC_3_J,122.34,122.34,2019UP,NA,38.02,-121.46,5.6,84,966116
2017-6037,3/27/2019 18:39:12,C535,SJ_MAC_3_J,122.34,122.34,2019UP,NA,38.02,-121.46,5.6,84,966130
2017-6037,3/27/2019 18:39:27,C535,SJ_MAC_3_J,122.34,122.34,2019UP,NA,38.02,-121.46,5.6,84,966142
2017-6037,3/27/2019 18:39:32,C535,SJ_MAC_3_J,122.34,122.34,2019UP,NA,38.02,-121.46,5.6,84,966147
2017-6037,3/27/2019 18:39:42,C535,SJ_MAC_3_J,122.34,122.34,2019UP,NA,38.02,-121.46,5.6,84,966155
2017-6037,3/27/2019 18:39:47,C535,SJ_MAC_3_J,122.34,122.34,2019UP,NA,38.02,-121.46,5.6,84,966160
2017-6037,3/27/2019 18:40:13,C535,SJ_MAC_3_J,122.34,122.34,2019UP,NA,38.02,-121.46,5.6,84,966180
2017-6037,3/27/2019 18:40:23,C535,SJ_MAC_3_J,122.34,122.34,2019UP,NA,38.02,-121.46,5.6,84,966187
2017-6037,3/27/2019 18:40:28,C535,SJ_MAC_3_J,122.34,122.34,2019UP,NA,38.02,-121.46,5.6,84,966193
2017-6037,3/27/2019 18:40:53,C535,SJ_MAC_3_J,122.34,122.34,2019UP,NA,38.02,-121.46,5.6,84,966213
2017-6037,3/27/2019 18:41:08,C535,SJ_MAC_3_J,122.34,122.34,2019UP,NA,38.02,-121.46,5.6,84,966228
2017-6037,3/27/2019 18:41:29,C535,SJ_MAC_3_J,122.34,122.34,2019UP,NA,38.02,-121.46,5.6,84,966249
2017-6037,3/27/2019 18:41:44,C535,SJ_MAC_3_J,122.34,122.34,2019UP,NA,38.02,-121.46,5.6,84,966266
2017-6037,3/27/2019 18:41:49,C535,SJ_MAC_3_J,122.34,122.34,2019UP,NA,38.02,-121.46,5.6,84,966272
2017-6037,3/27/2019 18:45:22,C535,SJ_MAC_3_J,122.34,122.34,2019UP,NA,38.02,-121.46,5.6,84,966470
2017-6037,3/27/2019 18:45:47,C535,SJ_MAC_3_J,122.34,122.34,2019UP,NA,38.02,-121.46,5.6,84,966500
2017-6037,3/27/2019 18:46:02,C535,SJ_MAC_3_J,122.34,122.34,2019UP,NA,38.02,-121.46,5.6,84,966516
2017-6037,3/27/2019 18:48:49,C535,SJ_MAC_3_J,122.34,122.34,2019UP,NA,38.02,-121.46,5.6,84,966694
2017-6037,3/27/2019 18:49:40,C535,SJ_MAC_3_J,122.34,122.34,2019UP,NA,38.02,-121.46,5.6,84,966748
2017-6037,3/27/2019 18:49:45,C535,SJ_MAC_3_J,122.34,122.34,2019UP,NA,38.02,-121.46,5.6,84,966755
2017-6037,3/27/2019 18:49:50,C535,SJ_MAC_3_J,122.34,122.34,2019UP,NA,38.02,-121.46,5.6,84,966761
2017-6037,3/27/2019 18:49:55,C535,SJ_MAC_3_J,122.34,122.34,2019UP,NA,38.02,-121.46,5.6,84,966765
2017-6037,3/27/2019 18:50:05,C535,SJ_MAC_3_J,122.34,122.34,2019UP,NA,38.02,-121.46,5.6,84,966777
2017-6037,3/27/2019 18:50:10,C535,SJ_MAC_3_J,122.34,122.34,2019UP,NA,38.02,-121.46,5.6,84,966782
2017-6037,3/27/2019 18:50:15,C535,SJ_MAC_3_J,122.34,122.34,2019UP,NA,38.02,-121.46,5.6,84,966787
2017-6037,3/27/2019 18:50:20,C535,SJ_MAC_3_J,122.34,122.34,2019UP,NA,38.02,-121.46,5.6,84,966792
2017-6037,3/27/2019 18:50:30,C535,SJ_MAC_3_J,122.34,122.34,2019UP,NA,38.02,-121.46,5.6,84,966802
2017-6037,3/27/2019 18:50:35,C535,SJ_MAC_3_J,122.34,122.34,2019UP,NA,38.02,-121.46,5.6,84,966808
2017-6037,3/27/2019 18:50:41,C535,SJ_MAC_3_J,122.34,122.34,2019UP,NA,38.02,-121.46,5.6,84,966814
2017-6037,3/27/2019 18:50:46,C535,SJ_MAC_3_J,122.34,122.34,2019UP,NA,38.02,-121.46,5.6,84,966820
2017-6037,3/27/2019 18:50:51,C535,SJ_MAC_3_J,122.34,122.34,2019UP,NA,38.02,-121.46,5.6,84,966826
2017-6037,3/27/2019 18:50:56,C535,SJ_MAC_3_J,122.34,122.34,2019UP,NA,38.02,-121.46,5.6,84,966832
2017-6037,3/27/2019 18:51:01,C535,SJ_MAC_3_J,122.34,122.34,2019UP,NA,38.02,-121.46,5.6,84,966838
2017-6037,3/27/2019 18:51:06,C535,SJ_MAC_3_J,122.34,122.34,2019UP,NA,38.02,-121.46,5.6,84,966843
2017-6037,3/27/2019 18:51:16,C535,SJ_MAC_3_J,122.34,122.34,2019UP,NA,38.02,-121.46,5.6,84,966849
2017-6037,3/27/2019 18:51:26,C535,SJ_MAC_3_J,122.34,122.34,2019UP,NA,38.02,-121.46,5.6,84,966859
2017-6037,3/27/2019 18:51:36,C535,SJ_MAC_3_J,122.34,122.34,2019UP,NA,38.02,-121.46,5.6,84,966866
2017-6037,3/27/2019 18:51:41,C535,SJ_MAC_3_J,122.34,122.34,2019UP,NA,38.02,-121.46,5.6,84,966869
2017-6037,3/27/2019 18:51:46,C535,SJ_MAC_3_J,122.34,122.34,2019UP,NA,38.02,-121.46,5.6,84,966874
2017-6037,3/27/2019 18:51:51,C535,SJ_MAC_3_J,122.34,122.34,2019UP,NA,38.02,-121.46,5.6,84,966881
2017-6037,3/27/2019 18:51:57,C535,SJ_MAC_3_J,122.34,122.34,2019UP,NA,38.02,-121.46,5.6,84,966887
2017-6037,3/27/2019 18:52:02,C535,SJ_MAC_3_J,122.34,122.34,2019UP,NA,38.02,-121.46,5.6,84,966893
2017-6037,3/27/2019 18:52:07,C535,SJ_MAC_3_J,122.34,122.34,2019UP,NA,38.02,-121.46,5.6,84,966898
2017-6037,3/27/2019 18:52:12,C535,SJ_MAC_3_J,122.34,122.34,2019UP,NA,38.02,-121.46,5.6,84,966902
2017-6037,3/27/2019 18:52:27,C535,SJ_MAC_3_J,122.34,122.34,2019UP,NA,38.02,-121.46,5.6,84,966916
2017-6037,3/27/2019 18:52:32,C535,SJ_MAC_3_J,122.34,122.34,2019UP,NA,38.02,-121.46,5.6,84,966921
2017-6037,3/27/2019 18:52:47,C535,SJ_MAC_3_J,122.34,122.34,2019UP,NA,38.02,-121.46,5.6,84,966941
2017-6037,3/27/2019 18:52:52,C535,SJ_MAC_3_J,122.34,122.34,2019UP,NA,38.02,-121.46,5.6,84,966947
2017-6037,3/27/2019 18:53:02,C535,SJ_MAC_3_J,122.34,122.34,2019UP,NA,38.02,-121.46,5.6,84,966957
2017-6037,3/27/2019 18:53:23,C535,SJ_MAC_3_J,122.34,122.34,2019UP,NA,38.02,-121.46,5.6,84,966980
2017-6037,3/27/2019 18:53:38,C535,SJ_MAC_3_J,122.34,122.34,2019UP,NA,38.02,-121.46,5.6,84,966994
2017-6037,3/27/2019 18:53:43,C535,SJ_MAC_3_J,122.34,122.34,2019UP,NA,38.02,-121.46,5.6,84,967001
2017-6037,3/27/2019 18:54:23,C535,SJ_MAC_3_J,122.34,122.34,2019UP,NA,38.02,-121.46,5.6,84,967042
2017-6037,3/27/2019 18:54:29,C535,SJ_MAC_3_J,122.34,122.34,2019UP,NA,38.02,-121.46,5.6,84,967049
2017-6037,3/27/2019 18:54:34,C535,SJ_MAC_3_J,122.34,122.34,2019UP,NA,38.02,-121.46,5.6,84,967054
2017-6037,3/27/2019 18:54:39,C535,SJ_MAC_3_J,122.34,122.34,2019UP,NA,38.02,-121.46,5.6,84,967061
2017-6037,3/27/2019 18:54:44,C535,SJ_MAC_3_J,122.34,122.34,2019UP,NA,38.02,-121.46,5.6,84,967066
2017-6037,3/27/2019 18:54:49,C535,SJ_MAC_3_J,122.34,122.34,2019UP,NA,38.02,-121.46,5.6,84,967071
2017-6037,3/27/2019 18:54:54,C535,SJ_MAC_3_J,122.34,122.34,2019UP,NA,38.02,-121.46,5.6,84,967076
2017-6037,3/27/2019 18:54:59,C535,SJ_MAC_3_J,122.34,122.34,2019UP,NA,38.02,-121.46,5.6,84,967082
2017-6037,3/27/2019 18:55:09,C535,SJ_MAC_3_J,122.34,122.34,2019UP,NA,38.02,-121.46,5.6,84,967090
2017-6037,3/27/2019 18:55:24,C535,SJ_MAC_3_J,122.34,122.34,2019UP,NA,38.02,-121.46,5.6,84,967104
2017-6037,3/27/2019 18:55:29,C535,SJ_MAC_3_J,122.34,122.34,2019UP,NA,38.02,-121.46,5.6,84,967108
2017-6037,3/27/2019 18:55:34,C535,SJ_MAC_3_J,122.34,122.34,2019UP,NA,38.02,-121.46,5.6,84,967115
2017-6037,3/27/2019 18:55:40,C535,SJ_MAC_3_J,122.34,122.34,2019UP,NA,38.02,-121.46,5.6,84,967119
2017-6037,3/27/2019 18:55:55,C535,SJ_MAC_3_J,122.34,122.34,2019UP,NA,38.02,-121.46,5.6,84,967131
2017-6037,3/27/2019 18:56:00,C535,SJ_MAC_3_J,122.34,122.34,2019UP,NA,38.02,-121.46,5.6,84,967136
2017-6037,3/27/2019 18:56:10,C535,SJ_MAC_3_J,122.34,122.34,2019UP,NA,38.02,-121.46,5.6,84,967144
2017-6037,3/27/2019 18:56:15,C535,SJ_MAC_3_J,122.34,122.34,2019UP,NA,38.02,-121.46,5.6,84,967148
2017-6037,3/27/2019 18:59:07,C535,SJ_MAC_3_J,122.34,122.34,2019UP,NA,38.02,-121.46,5.6,84,967232
2017-6037,3/27/2019 18:59:17,C535,SJ_MAC_3_J,122.34,122.34,2019UP,NA,38.02,-121.46,5.6,84,967239
2017-6037,3/27/2019 18:59:22,C535,SJ_MAC_3_J,122.34,122.34,2019UP,NA,38.02,-121.46,5.6,84,967245
2017-6037,3/27/2019 18:59:27,C535,SJ_MAC_3_J,122.34,122.34,2019UP,NA,38.02,-121.46,5.6,84,967249
2017-6037,3/27/2019 18:59:38,C535,SJ_MAC_3_J,122.34,122.34,2019UP,NA,38.02,-121.46,5.6,84,967259
2017-6037,3/27/2019 18:59:43,C535,SJ_MAC_3_J,122.34,122.34,2019UP,NA,38.02,-121.46,5.6,84,967263
2017-6037,3/27/2019 18:59:48,C535,SJ_MAC_3_J,122.34,122.34,2019UP,NA,38.02,-121.46,5.6,84,967268
2017-6037,3/27/2019 19:00:03,C535,SJ_MAC_3_J,122.34,122.34,2019UP,NA,38.02,-121.46,5.6,84,967280
2017-6037,3/27/2019 19:00:08,C535,SJ_MAC_3_J,122.34,122.34,2019UP,NA,38.02,-121.46,5.6,84,967286
2017-6037,3/27/2019 19:00:13,C535,SJ_MAC_3_J,122.34,122.34,2019UP,NA,38.02,-121.46,5.6,84,967288
2017-6037,3/27/2019 19:00:18,C535,SJ_MAC_3_J,122.34,122.34,2019UP,NA,38.02,-121.46,5.6,84,967291
2017-6037,3/27/2019 19:00:23,C535,SJ_MAC_3_J,122.34,122.34,2019UP,NA,38.02,-121.46,5.6,84,967296
2017-6037,3/27/2019 19:00:28,C535,SJ_MAC_3_J,122.34,122.34,2019UP,NA,38.02,-121.46,5.6,84,967302
2017-6037,3/27/2019 19:00:38,C535,SJ_MAC_3_J,122.34,122.34,2019UP,NA,38.02,-121.46,5.6,84,967311
2017-6037,3/27/2019 19:00:43,C535,SJ_MAC_3_J,122.34,122.34,2019UP,NA,38.02,-121.46,5.6,84,967316
2017-6037,3/27/2019 19:00:54,C535,SJ_MAC_3_J,122.34,122.34,2019UP,NA,38.02,-121.46,5.6,84,967324
2017-6037,3/27/2019 19:00:59,C535,SJ_MAC_3_J,122.34,122.34,2019UP,NA,38.02,-121.46,5.6,84,967329
2017-6037,3/27/2019 19:01:04,C535,SJ_MAC_3_J,122.34,122.34,2019UP,NA,38.02,-121.46,5.6,84,967333
2017-6037,3/27/2019 19:01:09,C535,SJ_MAC_3_J,122.34,122.34,2019UP,NA,38.02,-121.46,5.6,84,967338
2017-6037,3/27/2019 19:01:14,C535,SJ_MAC_3_J,122.34,122.34,2019UP,NA,38.02,-121.46,5.6,84,967344
2017-6037,3/27/2019 19:01:24,C535,SJ_MAC_3_J,122.34,122.34,2019UP,NA,38.02,-121.46,5.6,84,967354
2017-6037,3/27/2019 19:01:29,C535,SJ_MAC_3_J,122.34,122.34,2019UP,NA,38.02,-121.46,5.6,84,967359
2017-6037,3/27/2019 19:01:39,C535,SJ_MAC_3_J,122.34,122.34,2019UP,NA,38.02,-121.46,5.6,84,967367
2017-6037,3/27/2019 19:01:44,C535,SJ_MAC_3_J,122.34,122.34,2019UP,NA,38.02,-121.46,5.6,84,967371
2017-6037,3/27/2019 19:01:54,C535,SJ_MAC_3_J,122.34,122.34,2019UP,NA,38.02,-121.46,5.6,84,967381
2017-6037,3/27/2019 19:01:59,C535,SJ_MAC_3_J,122.34,122.34,2019UP,NA,38.02,-121.46,5.6,84,967387
2017-6037,3/27/2019 19:02:04,C535,SJ_MAC_3_J,122.34,122.34,2019UP,NA,38.02,-121.46,5.6,84,967392
2017-6037,3/27/2019 19:02:10,C535,SJ_MAC_3_J,122.34,122.34,2019UP,NA,38.02,-121.46,5.6,84,967396
2017-6037,3/27/2019 19:02:15,C535,SJ_MAC_3_J,122.34,122.34,2019UP,NA,38.02,-121.46,5.6,84,967402
2017-6037,3/27/2019 19:02:20,C535,SJ_MAC_3_J,122.34,122.34,2019UP,NA,38.02,-121.46,5.6,84,967406
2017-6037,3/27/2019 19:02:25,C535,SJ_MAC_3_J,122.34,122.34,2019UP,NA,38.02,-121.46,5.6,84,967410
2017-6037,3/27/2019 19:02:30,C535,SJ_MAC_3_J,122.34,122.34,2019UP,NA,38.02,-121.46,5.6,84,967416
2017-6037,3/27/2019 19:02:35,C535,SJ_MAC_3_J,122.34,122.34,2019UP,NA,38.02,-121.46,5.6,84,967420
2017-6037,3/27/2019 19:02:40,C535,SJ_MAC_3_J,122.34,122.34,2019UP,NA,38.02,-121.46,5.6,84,967424
2017-6037,3/27/2019 19:02:45,C535,SJ_MAC_3_J,122.34,122.34,2019UP,NA,38.02,-121.46,5.6,84,967430
2017-6037,3/27/2019 19:02:50,C535,SJ_MAC_3_J,122.34,122.34,2019UP,NA,38.02,-121.46,5.6,84,967434
2017-6037,3/27/2019 19:02:55,C535,SJ_MAC_3_J,122.34,122.34,2019UP,NA,38.02,-121.46,5.6,84,967437
2017-6037,3/27/2019 19:03:00,C535,SJ_MAC_3_J,122.34,122.34,2019UP,NA,38.02,-121.46,5.6,84,967442
2017-6037,3/27/2019 19:03:05,C535,SJ_MAC_3_J,122.34,122.34,2019UP,NA,38.02,-121.46,5.6,84,967449
2017-6037,3/27/2019 19:03:10,C535,SJ_MAC_3_J,122.34,122.34,2019UP,NA,38.02,-121.46,5.6,84,967451
2017-6037,3/27/2019 19:03:15,C535,SJ_MAC_3_J,122.34,122.34,2019UP,NA,38.02,-121.46,5.6,84,967453
2017-6037,3/27/2019 19:03:20,C535,SJ_MAC_3_J,122.34,122.34,2019UP,NA,38.02,-121.46,5.6,84,967458
2017-6037,3/27/2019 19:03:25,C535,SJ_MAC_3_J,122.34,122.34,2019UP,NA,38.02,-121.46,5.6,84,967465
2017-6037,3/27/2019 19:03:31,C535,SJ_MAC_3_J,122.34,122.34,2019UP,NA,38.02,-121.46,5.6,84,967471
2017-6037,3/27/2019 19:03:46,C535,SJ_MAC_3_J,122.34,122.34,2019UP,NA,38.02,-121.46,5.6,84,967484
2017-6037,3/27/2019 19:03:56,C535,SJ_MAC_3_J,122.34,122.34,2019UP,NA,38.02,-121.46,5.6,84,967493
2017-6037,3/27/2019 19:04:01,C535,SJ_MAC_3_J,122.34,122.34,2019UP,NA,38.02,-121.46,5.6,84,967500
2017-6037,3/27/2019 19:04:06,C535,SJ_MAC_3_J,122.34,122.34,2019UP,NA,38.02,-121.46,5.6,84,967503
2017-6037,3/27/2019 19:04:11,C535,SJ_MAC_3_J,122.34,122.34,2019UP,NA,38.02,-121.46,5.6,84,967507
2017-6037,3/27/2019 19:04:21,C535,SJ_MAC_3_J,122.34,122.34,2019UP,NA,38.02,-121.46,5.6,84,967519
2017-6037,3/27/2019 19:04:26,C535,SJ_MAC_3_J,122.34,122.34,2019UP,NA,38.02,-121.46,5.6,84,967522
2017-6037,3/27/2019 19:04:36,C535,SJ_MAC_3_J,122.34,122.34,2019UP,NA,38.02,-121.46,5.6,84,967529
2017-6037,3/27/2019 19:04:41,C535,SJ_MAC_3_J,122.34,122.34,2019UP,NA,38.02,-121.46,5.6,84,967534
2017-6037,3/27/2019 19:04:47,C535,SJ_MAC_3_J,122.34,122.34,2019UP,NA,38.02,-121.46,5.6,84,967539
2017-6037,3/27/2019 19:04:52,C535,SJ_MAC_3_J,122.34,122.34,2019UP,NA,38.02,-121.46,5.6,84,967542
2017-6037,3/27/2019 19:04:57,C535,SJ_MAC_3_J,122.34,122.34,2019UP,NA,38.02,-121.46,5.6,84,967547
2017-6037,3/27/2019 19:05:02,C535,SJ_MAC_3_J,122.34,122.34,2019UP,NA,38.02,-121.46,5.6,84,967551
2017-6037,3/27/2019 19:05:12,C535,SJ_MAC_3_J,122.34,122.34,2019UP,NA,38.02,-121.46,5.6,84,967560
2017-6037,3/27/2019 19:05:17,C535,SJ_MAC_3_J,122.34,122.34,2019UP,NA,38.02,-121.46,5.6,84,967563
2017-6037,3/27/2019 19:05:22,C535,SJ_MAC_3_J,122.34,122.34,2019UP,NA,38.02,-121.46,5.6,84,967569
2017-6037,3/27/2019 19:05:37,C535,SJ_MAC_3_J,122.34,122.34,2019UP,NA,38.02,-121.46,5.6,84,967580
2017-6037,3/27/2019 19:05:57,C535,SJ_MAC_3_J,122.34,122.34,2019UP,NA,38.02,-121.46,5.6,84,967593
2017-6037,3/27/2019 19:06:02,C535,SJ_MAC_3_J,122.34,122.34,2019UP,NA,38.02,-121.46,5.6,84,967597
2017-6037,3/27/2019 19:06:13,C535,SJ_MAC_3_J,122.34,122.34,2019UP,NA,38.02,-121.46,5.6,84,967608
2017-6037,3/27/2019 19:06:18,C535,SJ_MAC_3_J,122.34,122.34,2019UP,NA,38.02,-121.46,5.6,84,967614
2017-6037,3/27/2019 19:06:23,C535,SJ_MAC_3_J,122.34,122.34,2019UP,NA,38.02,-121.46,5.6,84,967620
2017-6037,3/27/2019 19:06:38,C535,SJ_MAC_3_J,122.34,122.34,2019UP,NA,38.02,-121.46,5.6,84,967635
2017-6037,3/27/2019 19:07:13,C535,SJ_MAC_3_J,122.34,122.34,2019UP,NA,38.02,-121.46,5.6,84,967667
2017-6037,3/27/2019 19:07:18,C535,SJ_MAC_3_J,122.34,122.34,2019UP,NA,38.02,-121.46,5.6,84,967672
2017-6037,3/27/2019 19:07:23,C535,SJ_MAC_3_J,122.34,122.34,2019UP,NA,38.02,-121.46,5.6,84,967677
2017-6037,3/27/2019 19:07:39,C535,SJ_MAC_3_J,122.34,122.34,2019UP,NA,38.02,-121.46,5.6,84,967689
2017-6037,3/27/2019 19:07:49,C535,SJ_MAC_3_J,122.34,122.34,2019UP,NA,38.02,-121.46,5.6,84,967699
2017-6037,3/27/2019 19:08:04,C535,SJ_MAC_3_J,122.34,122.34,2019UP,NA,38.02,-121.46,5.6,84,967704
2017-6037,3/27/2019 19:08:49,C535,SJ_MAC_3_J,122.34,122.34,2019UP,NA,38.02,-121.46,5.6,84,967730
2017-6037,3/27/2019 19:09:40,C535,SJ_MAC_3_J,122.34,122.34,2019UP,NA,38.02,-121.46,5.6,84,967758
2017-6037,3/27/2019 19:09:55,C535,SJ_MAC_3_J,122.34,122.34,2019UP,NA,38.02,-121.46,5.6,84,967767
2017-6037,3/27/2019 19:10:26,C535,SJ_MAC_3_J,122.34,122.34,2019UP,NA,38.02,-121.46,5.6,84,967790
2017-6037,3/27/2019 19:10:41,C535,SJ_MAC_3_J,122.34,122.34,2019UP,NA,38.02,-121.46,5.6,84,967800
2017-6037,3/27/2019 19:11:06,C535,SJ_MAC_3_J,122.34,122.34,2019UP,NA,38.02,-121.46,5.6,84,967818
2017-6037,3/27/2019 19:11:11,C535,SJ_MAC_3_J,122.34,122.34,2019UP,NA,38.02,-121.46,5.6,84,967821
2017-6037,3/27/2019 20:12:41,C535,SJ_MAC_3_J,122.34,122.34,2019UP,NA,38.02,-121.46,5.6,84,969801
2017-6037,3/27/2019 20:13:16,C535,SJ_MAC_3_J,122.34,122.34,2019UP,NA,38.02,-121.46,5.6,84,969832
2017-6037,3/27/2019 20:13:42,C535,SJ_MAC_3_J,122.34,122.34,2019UP,NA,38.02,-121.46,5.6,84,969850
2017-6037,3/27/2019 20:24:25,C535,SJ_MAC_3_J,122.34,122.34,2019UP,NA,38.02,-121.46,5.6,84,970449
2017-6037,3/27/2019 20:24:30,C535,SJ_MAC_3_J,122.34,122.34,2019UP,NA,38.02,-121.46,5.6,84,970457
2017-6037,3/27/2019 20:24:40,C535,SJ_MAC_3_J,122.34,122.34,2019UP,NA,38.02,-121.46,5.6,84,970471
2017-6037,3/27/2019 20:24:55,C535,SJ_MAC_3_J,122.34,122.34,2019UP,NA,38.02,-121.46,5.6,84,970494
2017-6037,3/27/2019 20:25:25,C535,SJ_MAC_3_J,122.34,122.34,2019UP,NA,38.02,-121.46,5.6,84,970535
2017-6037,3/27/2019 20:31:19,C535,SJ_MAC_3_J,122.34,122.34,2019UP,NA,38.02,-121.46,5.6,84,970841
2017-6037,3/27/2019 20:31:25,C535,SJ_MAC_3_J,122.34,122.34,2019UP,NA,38.02,-121.46,5.6,84,970846
2017-6037,3/27/2019 20:31:45,C535,SJ_MAC_3_J,122.34,122.34,2019UP,NA,38.02,-121.46,5.6,84,970867
2017-6037,3/27/2019 20:31:55,C535,SJ_MAC_3_J,122.34,122.34,2019UP,NA,38.02,-121.46,5.6,84,970875
2017-6037,3/27/2019 20:32:15,C535,SJ_MAC_3_J,122.34,122.34,2019UP,NA,38.02,-121.46,5.6,84,970895
2017-6037,3/27/2019 20:32:30,C535,SJ_MAC_3_J,122.34,122.34,2019UP,NA,38.02,-121.46,5.6,84,970907
2017-6037,3/27/2019 20:32:35,C535,SJ_MAC_3_J,122.34,122.34,2019UP,NA,38.02,-121.46,5.6,84,970912
2017-6037,3/27/2019 20:32:45,C535,SJ_MAC_3_J,122.34,122.34,2019UP,NA,38.02,-121.46,5.6,84,970917
2017-6037,3/27/2019 20:33:16,C535,SJ_MAC_3_J,122.34,122.34,2019UP,NA,38.02,-121.46,5.6,84,970933
2017-6037,3/27/2019 20:36:03,C535,SJ_MAC_3_J,122.34,122.34,2019UP,NA,38.02,-121.46,5.6,84,971035
2017-6037,3/27/2019 20:36:18,C535,SJ_MAC_3_J,122.34,122.34,2019UP,NA,38.02,-121.46,5.6,84,971049
2017-6037,3/27/2019 20:36:59,C535,SJ_MAC_3_J,122.34,122.34,2019UP,NA,38.02,-121.46,5.6,84,971083
2017-6037,3/27/2019 20:37:14,C535,SJ_MAC_3_J,122.34,122.34,2019UP,NA,38.02,-121.46,5.6,84,971095
2017-6037,3/27/2019 20:37:19,C535,SJ_MAC_3_J,122.34,122.34,2019UP,NA,38.02,-121.46,5.6,84,971101
2017-6037,3/27/2019 20:37:24,C535,SJ_MAC_3_J,122.34,122.34,2019UP,NA,38.02,-121.46,5.6,84,971105
2017-6037,3/27/2019 20:37:29,C535,SJ_MAC_3_J,122.34,122.34,2019UP,NA,38.02,-121.46,5.6,84,971112
2017-6037,3/27/2019 20:38:20,C535,SJ_MAC_3_J,122.34,122.34,2019UP,NA,38.02,-121.46,5.6,84,971167
2017-6037,3/28/2019 2:49:51,C535,SJ_MAC_3_J,122.34,122.34,2019UP,NA,38.02,-121.46,5.6,84,982163
2017-6037,3/28/2019 2:50:01,C535,SJ_MAC_3_J,122.34,122.34,2019UP,NA,38.02,-121.46,5.6,84,982167
2017-6037,3/28/2019 2:50:11,C535,SJ_MAC_3_J,122.34,122.34,2019UP,NA,38.02,-121.46,5.6,84,982171
2017-6037,3/28/2019 2:50:21,C535,SJ_MAC_3_J,122.34,122.34,2019UP,NA,38.02,-121.46,5.6,84,982174
2017-6037,3/28/2019 2:50:36,C535,SJ_MAC_3_J,122.34,122.34,2019UP,NA,38.02,-121.46,5.6,84,982180
2017-6037,3/28/2019 2:53:33,C535,SJ_MAC_3_J,122.34,122.34,2019UP,NA,38.02,-121.46,5.6,84,982258
2017-6037,3/28/2019 2:54:19,C535,SJ_MAC_3_J,122.34,122.34,2019UP,NA,38.02,-121.46,5.6,84,982275
2017-6037,3/28/2019 2:54:34,C535,SJ_MAC_3_J,122.34,122.34,2019UP,NA,38.02,-121.46,5.6,84,982282
2017-6037,3/28/2019 2:54:44,C535,SJ_MAC_3_J,122.34,122.34,2019UP,NA,38.02,-121.46,5.6,84,982288
2017-6037,3/28/2019 2:55:05,C535,SJ_MAC_3_J,122.34,122.34,2019UP,NA,38.02,-121.46,5.6,84,982297
2017-6037,3/28/2019 2:55:10,C535,SJ_MAC_3_J,122.34,122.34,2019UP,NA,38.02,-121.46,5.6,84,982300
2017-6037,3/28/2019 2:55:35,C535,SJ_MAC_3_J,122.34,122.34,2019UP,NA,38.02,-121.46,5.6,84,982317
2017-6037,3/28/2019 2:55:40,C535,SJ_MAC_3_J,122.34,122.34,2019UP,NA,38.02,-121.46,5.6,84,982319
2017-6037,3/28/2019 2:56:31,C535,SJ_MAC_3_J,122.34,122.34,2019UP,NA,38.02,-121.46,5.6,84,982342
2017-6037,3/28/2019 2:56:36,C535,SJ_MAC_3_J,122.34,122.34,2019UP,NA,38.02,-121.46,5.6,84,982345
2017-6037,3/28/2019 2:56:41,C535,SJ_MAC_3_J,122.34,122.34,2019UP,NA,38.02,-121.46,5.6,84,982348
2017-6037,3/28/2019 2:56:56,C535,SJ_MAC_3_J,122.34,122.34,2019UP,NA,38.02,-121.46,5.6,84,982355
2017-6037,3/28/2019 2:57:01,C535,SJ_MAC_3_J,122.34,122.34,2019UP,NA,38.02,-121.46,5.6,84,982359
2017-6037,3/28/2019 2:57:06,C535,SJ_MAC_3_J,122.34,122.34,2019UP,NA,38.02,-121.46,5.6,84,982364
2017-6037,3/28/2019 2:57:16,C535,SJ_MAC_3_J,122.34,122.34,2019UP,NA,38.02,-121.46,5.6,84,982369
2017-6037,3/28/2019 2:57:21,C535,SJ_MAC_3_J,122.34,122.34,2019UP,NA,38.02,-121.46,5.6,84,982372
2017-6037,3/28/2019 2:57:31,C535,SJ_MAC_3_J,122.34,122.34,2019UP,NA,38.02,-121.46,5.6,84,982379
2017-6037,3/28/2019 2:57:36,C535,SJ_MAC_3_J,122.34,122.34,2019UP,NA,38.02,-121.46,5.6,84,982382
2017-6037,3/28/2019 2:57:47,C535,SJ_MAC_3_J,122.34,122.34,2019UP,NA,38.02,-121.46,5.6,84,982387
2017-6037,3/28/2019 2:57:52,C535,SJ_MAC_3_J,122.34,122.34,2019UP,NA,38.02,-121.46,5.6,84,982389
2017-6037,3/28/2019 2:57:57,C535,SJ_MAC_3_J,122.34,122.34,2019UP,NA,38.02,-121.46,5.6,84,982392
2017-6037,3/28/2019 2:58:02,C535,SJ_MAC_3_J,122.34,122.34,2019UP,NA,38.02,-121.46,5.6,84,982396
2017-6037,3/28/2019 2:58:07,C535,SJ_MAC_3_J,122.34,122.34,2019UP,NA,38.02,-121.46,5.6,84,982399
2017-6037,3/28/2019 2:58:12,C535,SJ_MAC_3_J,122.34,122.34,2019UP,NA,38.02,-121.46,5.6,84,982403
2017-6037,3/28/2019 2:58:17,C535,SJ_MAC_3_J,122.34,122.34,2019UP,NA,38.02,-121.46,5.6,84,982406
2017-6037,3/28/2019 2:58:22,C535,SJ_MAC_3_J,122.34,122.34,2019UP,NA,38.02,-121.46,5.6,84,982408
2017-6037,3/28/2019 2:58:32,C535,SJ_MAC_3_J,122.34,122.34,2019UP,NA,38.02,-121.46,5.6,84,982415
2017-6037,3/28/2019 2:58:37,C535,SJ_MAC_3_J,122.34,122.34,2019UP,NA,38.02,-121.46,5.6,84,982417
2017-6037,3/28/2019 2:58:42,C535,SJ_MAC_3_J,122.34,122.34,2019UP,NA,38.02,-121.46,5.6,84,982420
2017-6037,3/28/2019 2:58:47,C535,SJ_MAC_3_J,122.34,122.34,2019UP,NA,38.02,-121.46,5.6,84,982423
2017-6037,3/28/2019 2:58:52,C535,SJ_MAC_3_J,122.34,122.34,2019UP,NA,38.02,-121.46,5.6,84,982425
2017-6037,3/28/2019 2:58:57,C535,SJ_MAC_3_J,122.34,122.34,2019UP,NA,38.02,-121.46,5.6,84,982427
2017-6037,3/28/2019 2:59:02,C535,SJ_MAC_3_J,122.34,122.34,2019UP,NA,38.02,-121.46,5.6,84,982429
2017-6037,3/28/2019 2:59:08,C535,SJ_MAC_3_J,122.34,122.34,2019UP,NA,38.02,-121.46,5.6,84,982431
2017-6037,3/28/2019 2:59:13,C535,SJ_MAC_3_J,122.34,122.34,2019UP,NA,38.02,-121.46,5.6,84,982433
2017-6037,3/28/2019 2:59:18,C535,SJ_MAC_3_J,122.34,122.34,2019UP,NA,38.02,-121.46,5.6,84,982435
2017-6037,3/28/2019 2:59:23,C535,SJ_MAC_3_J,122.34,122.34,2019UP,NA,38.02,-121.46,5.6,84,982438
2017-6037,3/28/2019 2:59:28,C535,SJ_MAC_3_J,122.34,122.34,2019UP,NA,38.02,-121.46,5.6,84,982441
2017-6037,3/28/2019 2:59:33,C535,SJ_MAC_3_J,122.34,122.34,2019UP,NA,38.02,-121.46,5.6,84,982444
2017-6037,3/28/2019 2:59:38,C535,SJ_MAC_3_J,122.34,122.34,2019UP,NA,38.02,-121.46,5.6,84,982447
2017-6037,3/28/2019 2:59:43,C535,SJ_MAC_3_J,122.34,122.34,2019UP,NA,38.02,-121.46,5.6,84,982451
2017-6037,3/28/2019 2:59:48,C535,SJ_MAC_3_J,122.34,122.34,2019UP,NA,38.02,-121.46,5.6,84,982454
2017-6037,3/28/2019 2:59:53,C535,SJ_MAC_3_J,122.34,122.34,2019UP,NA,38.02,-121.46,5.6,84,982458
2017-6037,3/28/2019 2:59:58,C535,SJ_MAC_3_J,122.34,122.34,2019UP,NA,38.02,-121.46,5.6,84,982461
2017-6037,3/28/2019 3:00:03,C535,SJ_MAC_3_J,122.34,122.34,2019UP,NA,38.02,-121.46,5.6,84,982464
2017-6037,3/28/2019 3:00:13,C535,SJ_MAC_3_J,122.34,122.34,2019UP,NA,38.02,-121.46,5.6,84,982470
2017-6037,3/28/2019 3:00:18,C535,SJ_MAC_3_J,122.34,122.34,2019UP,NA,38.02,-121.46,5.6,84,982473
2017-6037,3/28/2019 3:00:24,C535,SJ_MAC_3_J,122.34,122.34,2019UP,NA,38.02,-121.46,5.6,84,982477
2017-6037,3/28/2019 3:00:29,C535,SJ_MAC_3_J,122.34,122.34,2019UP,NA,38.02,-121.46,5.6,84,982480
2017-6037,3/28/2019 3:00:59,C535,SJ_MAC_3_J,122.34,122.34,2019UP,NA,38.02,-121.46,5.6,84,982497
2017-6037,3/28/2019 3:01:04,C535,SJ_MAC_3_J,122.34,122.34,2019UP,NA,38.02,-121.46,5.6,84,982501
2017-6037,3/28/2019 3:01:09,C535,SJ_MAC_3_J,122.34,122.34,2019UP,NA,38.02,-121.46,5.6,84,982503
2017-6037,3/28/2019 3:01:14,C535,SJ_MAC_3_J,122.34,122.34,2019UP,NA,38.02,-121.46,5.6,84,982506
2017-6037,3/28/2019 3:01:19,C535,SJ_MAC_3_J,122.34,122.34,2019UP,NA,38.02,-121.46,5.6,84,982511
2017-6037,3/28/2019 3:01:24,C535,SJ_MAC_3_J,122.34,122.34,2019UP,NA,38.02,-121.46,5.6,84,982516
2017-6037,3/28/2019 3:01:29,C535,SJ_MAC_3_J,122.34,122.34,2019UP,NA,38.02,-121.46,5.6,84,982519
2017-6037,3/28/2019 3:01:34,C535,SJ_MAC_3_J,122.34,122.34,2019UP,NA,38.02,-121.46,5.6,84,982522
2017-6037,3/28/2019 3:01:40,C535,SJ_MAC_3_J,122.34,122.34,2019UP,NA,38.02,-121.46,5.6,84,982526
2017-6037,3/28/2019 3:01:50,C535,SJ_MAC_3_J,122.34,122.34,2019UP,NA,38.02,-121.46,5.6,84,982531
2017-6037,3/28/2019 3:01:55,C535,SJ_MAC_3_J,122.34,122.34,2019UP,NA,38.02,-121.46,5.6,84,982535
2017-6037,3/28/2019 3:02:10,C535,SJ_MAC_3_J,122.34,122.34,2019UP,NA,38.02,-121.46,5.6,84,982541
2017-6037,3/28/2019 3:02:15,C535,SJ_MAC_3_J,122.34,122.34,2019UP,NA,38.02,-121.46,5.6,84,982543
2017-6037,3/28/2019 3:02:25,C535,SJ_MAC_3_J,122.34,122.34,2019UP,NA,38.02,-121.46,5.6,84,982547
2017-6037,3/28/2019 3:02:30,C535,SJ_MAC_3_J,122.34,122.34,2019UP,NA,38.02,-121.46,5.6,84,982549
2017-6037,3/28/2019 3:02:40,C535,SJ_MAC_3_J,122.34,122.34,2019UP,NA,38.02,-121.46,5.6,84,982553
2017-6037,3/28/2019 3:02:45,C535,SJ_MAC_3_J,122.34,122.34,2019UP,NA,38.02,-121.46,5.6,84,982555
2017-6037,3/28/2019 3:02:50,C535,SJ_MAC_3_J,122.34,122.34,2019UP,NA,38.02,-121.46,5.6,84,982557
2017-6037,3/28/2019 3:02:55,C535,SJ_MAC_3_J,122.34,122.34,2019UP,NA,38.02,-121.46,5.6,84,982560
2017-6037,3/28/2019 3:03:00,C535,SJ_MAC_3_J,122.34,122.34,2019UP,NA,38.02,-121.46,5.6,84,982563
2017-6037,3/28/2019 3:03:06,C535,SJ_MAC_3_J,122.34,122.34,2019UP,NA,38.02,-121.46,5.6,84,982567
2017-6037,3/28/2019 3:03:16,C535,SJ_MAC_3_J,122.34,122.34,2019UP,NA,38.02,-121.46,5.6,84,982571
2017-6037,3/28/2019 3:03:21,C535,SJ_MAC_3_J,122.34,122.34,2019UP,NA,38.02,-121.46,5.6,84,982576
2017-6037,3/28/2019 3:03:46,C535,SJ_MAC_3_J,122.34,122.34,2019UP,NA,38.02,-121.46,5.6,84,982588
2017-6037,3/28/2019 3:03:56,C535,SJ_MAC_3_J,122.34,122.34,2019UP,NA,38.02,-121.46,5.6,84,982594
2017-6037,3/28/2019 3:04:16,C535,SJ_MAC_3_J,122.34,122.34,2019UP,NA,38.02,-121.46,5.6,84,982603
2017-6037,3/28/2019 3:04:37,C535,SJ_MAC_3_J,122.34,122.34,2019UP,NA,38.02,-121.46,5.6,84,982612
2017-6037,3/28/2019 3:04:47,C535,SJ_MAC_3_J,122.34,122.34,2019UP,NA,38.02,-121.46,5.6,84,982618
2017-6037,3/28/2019 3:04:52,C535,SJ_MAC_3_J,122.34,122.34,2019UP,NA,38.02,-121.46,5.6,84,982621
2017-6037,3/28/2019 3:04:57,C535,SJ_MAC_3_J,122.34,122.34,2019UP,NA,38.02,-121.46,5.6,84,982626
2017-6037,3/28/2019 3:05:02,C535,SJ_MAC_3_J,122.34,122.34,2019UP,NA,38.02,-121.46,5.6,84,982629
2017-6037,3/28/2019 3:05:07,C535,SJ_MAC_3_J,122.34,122.34,2019UP,NA,38.02,-121.46,5.6,84,982633
2017-6037,3/28/2019 3:05:58,C535,SJ_MAC_3_J,122.34,122.34,2019UP,NA,38.02,-121.46,5.6,84,982660
2017-6037,3/28/2019 3:06:08,C535,SJ_MAC_3_J,122.34,122.34,2019UP,NA,38.02,-121.46,5.6,84,982665
2017-6037,3/28/2019 3:06:13,C535,SJ_MAC_3_J,122.34,122.34,2019UP,NA,38.02,-121.46,5.6,84,982668
2017-6037,3/28/2019 3:06:38,C535,SJ_MAC_3_J,122.34,122.34,2019UP,NA,38.02,-121.46,5.6,84,982684
2017-6037,3/28/2019 3:06:43,C535,SJ_MAC_3_J,122.34,122.34,2019UP,NA,38.02,-121.46,5.6,84,982688
2017-6037,3/28/2019 3:06:53,C535,SJ_MAC_3_J,122.34,122.34,2019UP,NA,38.02,-121.46,5.6,84,982692
2017-6037,3/28/2019 3:06:59,C535,SJ_MAC_3_J,122.34,122.34,2019UP,NA,38.02,-121.46,5.6,84,982696
2017-6037,3/28/2019 3:07:04,C535,SJ_MAC_3_J,122.34,122.34,2019UP,NA,38.02,-121.46,5.6,84,982699
2017-6037,3/28/2019 3:07:19,C535,SJ_MAC_3_J,122.34,122.34,2019UP,NA,38.02,-121.46,5.6,84,982707
2017-6037,3/28/2019 3:07:34,C535,SJ_MAC_3_J,122.34,122.34,2019UP,NA,38.02,-121.46,5.6,84,982716
2017-6037,3/28/2019 3:08:40,C535,SJ_MAC_3_J,122.34,122.34,2019UP,NA,38.02,-121.46,5.6,84,982748
2017-6037,3/28/2019 3:09:15,C535,SJ_MAC_3_J,122.34,122.34,2019UP,NA,38.02,-121.46,5.6,84,982771
2017-6037,3/28/2019 3:09:20,C535,SJ_MAC_3_J,122.34,122.34,2019UP,NA,38.02,-121.46,5.6,84,982776
2017-6037,3/28/2019 3:09:36,C535,SJ_MAC_3_J,122.34,122.34,2019UP,NA,38.02,-121.46,5.6,84,982783
2017-6037,3/29/2019 8:01:44,C57A,SJ_MAC_3_J,122.34,122.34,2019UP,NA,38.02,-121.46,7.25,91,1061102
2017-6037,3/29/2019 8:01:49,C57A,SJ_MAC_3_J,122.34,122.34,2019UP,NA,38.02,-121.46,7.25,91,1061106
2017-6037,3/29/2019 8:01:54,C57A,SJ_MAC_3_J,122.34,122.34,2019UP,NA,38.02,-121.46,7.25,91,1061112
2017-6037,3/29/2019 8:01:59,C57A,SJ_MAC_3_J,122.34,122.34,2019UP,NA,38.02,-121.46,7.25,91,1061115
2017-6037,3/29/2019 8:02:09,C57A,SJ_MAC_3_J,122.34,122.34,2019UP,NA,38.02,-121.46,7.25,91,1061124
2017-6037,3/29/2019 8:02:14,C57A,SJ_MAC_3_J,122.34,122.34,2019UP,NA,38.02,-121.46,7.25,91,1061130
2017-6037,3/29/2019 8:02:19,C57A,SJ_MAC_3_J,122.34,122.34,2019UP,NA,38.02,-121.46,7.25,91,1061135
2017-6037,3/29/2019 8:02:25,C57A,SJ_MAC_3_J,122.34,122.34,2019UP,NA,38.02,-121.46,7.25,91,1061141
2017-6037,3/29/2019 8:02:30,C57A,SJ_MAC_3_J,122.34,122.34,2019UP,NA,38.02,-121.46,7.25,91,1061147
2017-6037,3/29/2019 8:02:35,C57A,SJ_MAC_3_J,122.34,122.34,2019UP,NA,38.02,-121.46,7.25,91,1061152
2017-6037,3/29/2019 8:02:45,C57A,SJ_MAC_3_J,122.34,122.34,2019UP,NA,38.02,-121.46,7.25,91,1061163
2017-6037,3/29/2019 8:03:05,C57A,SJ_MAC_3_J,122.34,122.34,2019UP,NA,38.02,-121.46,7.25,91,1061181
2017-6037,3/29/2019 8:03:30,C57A,SJ_MAC_3_J,122.34,122.34,2019UP,NA,38.02,-121.46,7.25,91,1061215
2017-6037,3/29/2019 8:03:45,C57A,SJ_MAC_3_J,122.34,122.34,2019UP,NA,38.02,-121.46,7.25,91,1061232
2017-6037,3/29/2019 8:04:21,C57A,SJ_MAC_3_J,122.34,122.34,2019UP,NA,38.02,-121.46,7.25,91,1061267
2017-6037,3/29/2019 8:04:36,C57A,SJ_MAC_3_J,122.34,122.34,2019UP,NA,38.02,-121.46,7.25,91,1061284
2017-6037,3/29/2019 8:04:41,C57A,SJ_MAC_3_J,122.34,122.34,2019UP,NA,38.02,-121.46,7.25,91,1061288
2017-6037,3/29/2019 8:04:46,C57A,SJ_MAC_3_J,122.34,122.34,2019UP,NA,38.02,-121.46,7.25,91,1061294
2017-6037,3/29/2019 8:04:51,C57A,SJ_MAC_3_J,122.34,122.34,2019UP,NA,38.02,-121.46,7.25,91,1061299
2017-6037,3/29/2019 8:04:56,C57A,SJ_MAC_3_J,122.34,122.34,2019UP,NA,38.02,-121.46,7.25,91,1061304
2017-6037,3/29/2019 8:05:01,C57A,SJ_MAC_3_J,122.34,122.34,2019UP,NA,38.02,-121.46,7.25,91,1061310
2017-6037,3/29/2019 8:05:06,C57A,SJ_MAC_3_J,122.34,122.34,2019UP,NA,38.02,-121.46,7.25,91,1061314
2017-6037,3/29/2019 8:05:11,C57A,SJ_MAC_3_J,122.34,122.34,2019UP,NA,38.02,-121.46,7.25,91,1061322
2017-6037,3/29/2019 8:05:16,C57A,SJ_MAC_3_J,122.34,122.34,2019UP,NA,38.02,-121.46,7.25,91,1061327
2017-6037,3/29/2019 8:05:21,C57A,SJ_MAC_3_J,122.34,122.34,2019UP,NA,38.02,-121.46,7.25,91,1061334
2017-6037,3/29/2019 8:05:26,C57A,SJ_MAC_3_J,122.34,122.34,2019UP,NA,38.02,-121.46,7.25,91,1061340
2017-6037,3/29/2019 8:05:37,C57A,SJ_MAC_3_J,122.34,122.34,2019UP,NA,38.02,-121.46,7.25,91,1061351
2017-6037,3/29/2019 8:05:57,C57A,SJ_MAC_3_J,122.34,122.34,2019UP,NA,38.02,-121.46,7.25,91,1061370
2017-6037,3/29/2019 8:06:17,C57A,SJ_MAC_3_J,122.34,122.34,2019UP,NA,38.02,-121.46,7.25,91,1061388
2017-6037,3/29/2019 8:06:22,C57A,SJ_MAC_3_J,122.34,122.34,2019UP,NA,38.02,-121.46,7.25,91,1061394
2017-6037,3/29/2019 8:06:27,C57A,SJ_MAC_3_J,122.34,122.34,2019UP,NA,38.02,-121.46,7.25,91,1061399
2017-6037,3/29/2019 8:06:32,C57A,SJ_MAC_3_J,122.34,122.34,2019UP,NA,38.02,-121.46,7.25,91,1061406
2017-6037,3/29/2019 8:06:37,C57A,SJ_MAC_3_J,122.34,122.34,2019UP,NA,38.02,-121.46,7.25,91,1061410
2017-6037,3/29/2019 8:06:42,C57A,SJ_MAC_3_J,122.34,122.34,2019UP,NA,38.02,-121.46,7.25,91,1061415
2017-6037,3/29/2019 8:06:47,C57A,SJ_MAC_3_J,122.34,122.34,2019UP,NA,38.02,-121.46,7.25,91,1061421
2017-6037,3/29/2019 8:06:52,C57A,SJ_MAC_3_J,122.34,122.34,2019UP,NA,38.02,-121.46,7.25,91,1061428
2017-6037,3/29/2019 8:07:08,C57A,SJ_MAC_3_J,122.34,122.34,2019UP,NA,38.02,-121.46,7.25,91,1061441
2017-6037,3/29/2019 8:07:13,C57A,SJ_MAC_3_J,122.34,122.34,2019UP,NA,38.02,-121.46,7.25,91,1061446
2017-6037,3/29/2019 8:07:18,C57A,SJ_MAC_3_J,122.34,122.34,2019UP,NA,38.02,-121.46,7.25,91,1061454
2017-6037,3/29/2019 8:07:23,C57A,SJ_MAC_3_J,122.34,122.34,2019UP,NA,38.02,-121.46,7.25,91,1061461
2017-6037,3/29/2019 8:07:28,C57A,SJ_MAC_3_J,122.34,122.34,2019UP,NA,38.02,-121.46,7.25,91,1061467
2017-6037,3/29/2019 8:07:33,C57A,SJ_MAC_3_J,122.34,122.34,2019UP,NA,38.02,-121.46,7.25,91,1061473
2017-6037,3/29/2019 8:07:38,C57A,SJ_MAC_3_J,122.34,122.34,2019UP,NA,38.02,-121.46,7.25,91,1061478
2017-6037,3/29/2019 8:07:43,C57A,SJ_MAC_3_J,122.34,122.34,2019UP,NA,38.02,-121.46,7.25,91,1061486
2017-6037,3/29/2019 8:07:48,C57A,SJ_MAC_3_J,122.34,122.34,2019UP,NA,38.02,-121.46,7.25,91,1061491
2017-6037,3/29/2019 8:07:53,C57A,SJ_MAC_3_J,122.34,122.34,2019UP,NA,38.02,-121.46,7.25,91,1061498
2017-6037,3/29/2019 8:08:13,C57A,SJ_MAC_3_J,122.34,122.34,2019UP,NA,38.02,-121.46,7.25,91,1061526
2017-6037,3/29/2019 8:08:18,C57A,SJ_MAC_3_J,122.34,122.34,2019UP,NA,38.02,-121.46,7.25,91,1061537
2017-6037,3/29/2019 8:08:23,C57A,SJ_MAC_3_J,122.34,122.34,2019UP,NA,38.02,-121.46,7.25,91,1061542
2017-6037,3/29/2019 8:08:34,C57A,SJ_MAC_3_J,122.34,122.34,2019UP,NA,38.02,-121.46,7.25,91,1061553
2017-6037,3/29/2019 8:08:54,C57A,SJ_MAC_3_J,122.34,122.34,2019UP,NA,38.02,-121.46,7.25,91,1061581
2017-6037,3/29/2019 8:09:14,C57A,SJ_MAC_3_J,122.34,122.34,2019UP,NA,38.02,-121.46,7.25,91,1061607
2017-6037,3/29/2019 8:09:19,C57A,SJ_MAC_3_J,122.34,122.34,2019UP,NA,38.02,-121.46,7.25,91,1061615
2017-6037,3/29/2019 8:09:24,C57A,SJ_MAC_3_J,122.34,122.34,2019UP,NA,38.02,-121.46,7.25,91,1061620
2017-6037,3/29/2019 8:09:55,C57A,SJ_MAC_3_J,122.34,122.34,2019UP,NA,38.02,-121.46,7.25,91,1061655
2017-6037,3/29/2019 8:10:05,C57A,SJ_MAC_3_J,122.34,122.34,2019UP,NA,38.02,-121.46,7.25,91,1061670
2017-6037,3/29/2019 8:10:25,C57A,SJ_MAC_3_J,122.34,122.34,2019UP,NA,38.02,-121.46,7.25,91,1061691
2017-6037,3/29/2019 8:10:50,C57A,SJ_MAC_3_J,122.34,122.34,2019UP,NA,38.02,-121.46,7.25,91,1061716
2017-6037,3/29/2019 8:11:31,C57A,SJ_MAC_3_J,122.34,122.34,2019UP,NA,38.02,-121.46,7.25,91,1061763
2017-6037,3/29/2019 8:11:41,C57A,SJ_MAC_3_J,122.34,122.34,2019UP,NA,38.02,-121.46,7.25,91,1061776
2017-6037,3/29/2019 8:12:11,C57A,SJ_MAC_3_J,122.34,122.34,2019UP,NA,38.02,-121.46,7.25,91,1061807
2017-6037,3/29/2019 8:12:21,C57A,SJ_MAC_3_J,122.34,122.34,2019UP,NA,38.02,-121.46,7.25,91,1061817
2017-6037,3/29/2019 8:17:05,C57A,SJ_MAC_3_J,122.34,122.34,2019UP,NA,38.02,-121.46,7.25,91,1062064
2017-6037,3/29/2019 8:17:10,C57A,SJ_MAC_3_J,122.34,122.34,2019UP,NA,38.02,-121.46,7.25,91,1062068
2017-6037,3/29/2019 8:18:01,C57A,SJ_MAC_3_J,122.34,122.34,2019UP,NA,38.02,-121.46,7.25,91,1062107
2017-6037,3/29/2019 8:19:21,C57A,SJ_MAC_3_J,122.34,122.34,2019UP,NA,38.02,-121.46,7.25,91,1062189
2017-6037,3/29/2019 8:19:27,C57A,SJ_MAC_3_J,122.34,122.34,2019UP,NA,38.02,-121.46,7.25,91,1062195
2017-6037,3/29/2019 8:19:42,C57A,SJ_MAC_3_J,122.34,122.34,2019UP,NA,38.02,-121.46,7.25,91,1062213
2017-6037,3/29/2019 8:19:47,C57A,SJ_MAC_3_J,122.34,122.34,2019UP,NA,38.02,-121.46,7.25,91,1062219
2017-6037,3/29/2019 8:19:57,C57A,SJ_MAC_3_J,122.34,122.34,2019UP,NA,38.02,-121.46,7.25,91,1062227
2017-6037,3/29/2019 8:20:07,C57A,SJ_MAC_3_J,122.34,122.34,2019UP,NA,38.02,-121.46,7.25,91,1062238
2017-6037,3/29/2019 8:20:47,C57A,SJ_MAC_3_J,122.34,122.34,2019UP,NA,38.02,-121.46,7.25,91,1062284
2017-6037,3/29/2019 8:21:13,C57A,SJ_MAC_3_J,122.34,122.34,2019UP,NA,38.02,-121.46,7.25,91,1062305
2017-6037,3/29/2019 8:21:18,C57A,SJ_MAC_3_J,122.34,122.34,2019UP,NA,38.02,-121.46,7.25,91,1062309
2017-6037,3/29/2019 8:44:44,C57A,SJ_MAC_3_J,122.34,122.34,2019UP,NA,38.02,-121.46,7.25,91,1063544
2017-6037,3/29/2019 8:45:14,C57A,SJ_MAC_3_J,122.34,122.34,2019UP,NA,38.02,-121.46,7.25,91,1063573
2017-6037,3/29/2019 8:45:24,C57A,SJ_MAC_3_J,122.34,122.34,2019UP,NA,38.02,-121.46,7.25,91,1063588
2017-6037,3/29/2019 8:45:29,C57A,SJ_MAC_3_J,122.34,122.34,2019UP,NA,38.02,-121.46,7.25,91,1063593
2017-6037,3/29/2019 8:45:34,C57A,SJ_MAC_3_J,122.34,122.34,2019UP,NA,38.02,-121.46,7.25,91,1063599
2017-6037,3/29/2019 8:45:39,C57A,SJ_MAC_3_J,122.34,122.34,2019UP,NA,38.02,-121.46,7.25,91,1063605
2017-6037,3/29/2019 8:45:44,C57A,SJ_MAC_3_J,122.34,122.34,2019UP,NA,38.02,-121.46,7.25,91,1063612
2017-6037,3/29/2019 8:45:49,C57A,SJ_MAC_3_J,122.34,122.34,2019UP,NA,38.02,-121.46,7.25,91,1063620
2017-6037,3/29/2019 8:45:54,C57A,SJ_MAC_3_J,122.34,122.34,2019UP,NA,38.02,-121.46,7.25,91,1063625
2017-6037,3/29/2019 8:46:45,C57A,SJ_MAC_3_J,122.34,122.34,2019UP,NA,38.02,-121.46,7.25,91,1063672
2017-6037,3/29/2019 8:46:50,C57A,SJ_MAC_3_J,122.34,122.34,2019UP,NA,38.02,-121.46,7.25,91,1063681
2017-6037,3/29/2019 8:46:55,C57A,SJ_MAC_3_J,122.34,122.34,2019UP,NA,38.02,-121.46,7.25,91,1063686
2017-6037,3/29/2019 8:47:00,C57A,SJ_MAC_3_J,122.34,122.34,2019UP,NA,38.02,-121.46,7.25,91,1063692
2017-6037,3/29/2019 8:47:10,C57A,SJ_MAC_3_J,122.34,122.34,2019UP,NA,38.02,-121.46,7.25,91,1063700
2017-6037,3/29/2019 8:47:31,C57A,SJ_MAC_3_J,122.34,122.34,2019UP,NA,38.02,-121.46,7.25,91,1063725
2017-6037,3/29/2019 8:47:41,C57A,SJ_MAC_3_J,122.34,122.34,2019UP,NA,38.02,-121.46,7.25,91,1063737
2017-6037,3/29/2019 8:50:43,C57A,SJ_MAC_3_J,122.34,122.34,2019UP,NA,38.02,-121.46,7.25,91,1063893
2017-6037,3/29/2019 8:50:53,C57A,SJ_MAC_3_J,122.34,122.34,2019UP,NA,38.02,-121.46,7.25,91,1063903
2017-6037,3/29/2019 8:51:28,C57A,SJ_MAC_3_J,122.34,122.34,2019UP,NA,38.02,-121.46,7.25,91,1063932
2017-6037,3/29/2019 8:52:09,C57A,SJ_MAC_3_J,122.34,122.34,2019UP,NA,38.02,-121.46,7.25,91,1063958
2017-6037,3/29/2019 8:52:44,C57A,SJ_MAC_3_J,122.34,122.34,2019UP,NA,38.02,-121.46,7.25,91,1063989
2017-6037,3/29/2019 8:53:04,C57A,SJ_MAC_3_J,122.34,122.34,2019UP,NA,38.02,-121.46,7.25,91,1064009
